Factor	Value	Class	Observed	Expected	P-value	AdjP-value
Strain	KK/HlJ	PAM_0001876x181	62.0	8.88	-2.66e-15	-1.24e-11
Strain	MRL/MpJ	MA:0000120	57.0	12.33	-2.00e-15	-9.34e-12
Strain	SJL/J	PAM_0000276x14	28.0	4.20	-2.00e-15	-9.34e-12
Strain	BALB/cByJ	MPATH:754	14.0	1.39	-1.33e-15	-6.22e-12
Strain	BALB/cByJ	PAM_0000141x754	14.0	1.39	-1.33e-15	-6.22e-12
Strain	C57BL/10J	MA:0000285	30.0	3.95	-1.33e-15	-6.22e-12
Strain	C57BL/10J	PAM_0000285x34	30.0	3.85	-1.33e-15	-6.22e-12
Strain	KK/HlJ	PAM_0001876x811	56.0	5.79	-1.33e-15	-6.22e-12
Strain	KK/HlJ	PAM_0000061x555	14.0	0.54	-1.33e-15	-6.22e-12
Strain	LP/J	MA:0000253	80.0	23.52	-1.33e-15	-6.22e-12
Strain	MRL/MpJ	PAM_0000124x181	24.0	4.17	-1.33e-15	-6.22e-12
Strain	PWD/PhJ	PAM_0000129x762	78.0	23.36	-1.33e-15	-6.22e-12
Strain	PWD/PhJ	MPATH:44	24.0	3.41	-1.33e-15	-6.22e-12
Strain	SJL/J	MPATH:591	96.0	30.22	-1.33e-15	-6.22e-12
Strain	SJL/J	MA:0000165	120.0	19.27	-1.33e-15	-6.22e-12
Strain	SJL/J	PAM_0000165x14	102.0	12.37	-1.33e-15	-6.22e-12
Sex	F	MPATH:696	682.0	442.72	-1.33e-15	-6.22e-12
Sex	F	PAM_0000116x696	682.0	442.72	-1.33e-15	-6.22e-12
Both	C57BL/10J_M	PAM_0001876x127	24.0	1.33	-1.33e-15	-6.22e-12
Both	C57L/J_M	MA:0000253	54.0	9.16	-1.33e-15	-6.22e-12
Both	WSB/EiJ_F	MPATH:590	32.0	5.94	-1.33e-15	-6.22e-12
Both	WSB/EiJ_F	PAM_0001459x590	32.0	5.84	-1.33e-15	-6.22e-12
Both	SWR/J_M	MPATH:585	30.0	2.32	-1.33e-15	-6.22e-12
Both	SWR/J_M	PAM_0000415x585	30.0	2.32	-1.33e-15	-6.22e-12
Both	KK/HlJ_F	MA:0001876	36.0	5.62	-8.88e-16	-4.15e-12
Both	SJL/J_M	PAM_0000165x14	30.0	3.65	-8.88e-16	-4.15e-12
Strain	129S1/SvImJ	PAM_0001613x644	26.0	3.07	-6.66e-16	-3.11e-12
Strain	A/J	MPATH:14	146.0	61.38	-6.66e-16	-3.11e-12
Strain	A/J	MPATH:591	126.0	40.65	-6.66e-16	-3.11e-12
Strain	A/J	MA:0000165	174.0	26.47	-6.66e-16	-3.11e-12
Strain	A/J	PAM_0000165x14	140.0	16.70	-6.66e-16	-3.11e-12
Strain	A/J	PAM_0000165x554	22.0	1.18	-6.66e-16	-3.11e-12
Strain	C57BLKS/J	MA:0000349	74.0	22.56	-6.66e-16	-3.11e-12
Strain	C57L/J	MA:0000253	88.0	18.05	-6.66e-16	-3.11e-12
Strain	C57L/J	MPATH:642	68.0	6.23	-6.66e-16	-3.11e-12
Strain	C57L/J	PAM_0000253x642	68.0	5.86	-6.66e-16	-3.11e-12
Strain	DBA/2J	MPATH:811	60.0	6.22	-6.66e-16	-3.11e-12
Strain	KK/HlJ	MA:0000415	70.0	24.63	-6.66e-16	-3.11e-12
Strain	KK/HlJ	PAM_0001459x590	62.0	10.14	-6.66e-16	-3.11e-12
Strain	KK/HlJ	MA:0000163	110.0	10.65	-6.66e-16	-3.11e-12
Strain	KK/HlJ	MA:0000129	106.0	39.37	-6.66e-16	-3.11e-12
Strain	KK/HlJ	MPATH:43	46.0	14.56	-6.66e-16	-3.11e-12
Strain	KK/HlJ	MA:0001876	62.0	11.08	-6.66e-16	-3.11e-12
Strain	MRL/MpJ	PAM_0000120x214	41.0	8.67	-6.66e-16	-3.11e-12
Strain	MRL/MpJ	MPATH:613	102.0	22.78	-6.66e-16	-3.11e-12
Strain	MRL/MpJ	PAM_0002417x127	79.0	9.58	-6.66e-16	-3.11e-12
Strain	MRL/MpJ	PAM_0000124x134	69.0	5.89	-6.66e-16	-3.11e-12
Strain	PWD/PhJ	MPATH:637	20.0	1.91	-6.66e-16	-3.11e-12
Strain	PWD/PhJ	PAM_0000384x637	20.0	1.91	-6.66e-16	-3.11e-12
Strain	RIIIS/J	MPATH:803	24.0	2.89	-6.66e-16	-3.11e-12
Strain	SJL/J	PAM_0000165x591	94.0	11.61	-6.66e-16	-3.11e-12
Strain	SWR/J	MPATH:585	60.0	4.28	-6.66e-16	-3.11e-12
Strain	SWR/J	PAM_0000415x585	60.0	4.28	-6.66e-16	-3.11e-12
Sex	M	MPATH:14	884.0	557.29	-6.66e-16	-3.11e-12
Sex	M	MPATH:743	148.0	90.89	-6.66e-16	-3.11e-12
Sex	M	PAM_0000358x743	148.0	90.89	-6.66e-16	-3.11e-12
Sex	F	MPATH:329	126.0	70.76	-6.66e-16	-3.11e-12
Sex	F	MPATH:43	356.0	247.59	-6.66e-16	-3.11e-12
Both	129S1/SvImJ_M	MPATH:608	30.0	4.17	-6.66e-16	-3.11e-12
Both	129S1/SvImJ_M	PAM_0001247x474	54.0	14.77	-6.66e-16	-3.11e-12
Both	A/J_F	PAM_0000165x591	88.0	8.63	-6.66e-16	-3.11e-12
Both	A/J_M	MA:0000165	74.0	11.75	-6.66e-16	-3.11e-12
Both	A/J_M	PAM_0000165x591	36.0	6.78	-6.66e-16	-3.11e-12
Both	C57BL/10J_M	MA:0001876	36.0	6.31	-6.66e-16	-3.11e-12
Both	C57L/J_M	PAM_0000253x642	36.0	2.90	-6.66e-16	-3.11e-12
Both	C57L/J_M	MA:0002417	46.0	11.37	-6.66e-16	-3.11e-12
Both	C57L/J_M	PAM_0002417x591	46.0	9.16	-6.66e-16	-3.11e-12
Both	DBA/2J_F	MPATH:811	30.0	3.10	-6.66e-16	-3.11e-12
Both	DBA/2J_F	PAM_0001876x811	24.0	2.30	-6.66e-16	-3.11e-12
Both	KK/HlJ_M	MA:0000163	48.0	4.70	-6.66e-16	-3.11e-12
Both	NON/ShiLtJ_F	PAM_0000377x474	62.0	3.74	-6.66e-16	-3.11e-12
Both	NON/ShiLtJ_F	MA:0002703	46.0	3.44	-6.66e-16	-3.11e-12
Both	RIIIS/J_M	MPATH:743	28.0	3.44	-6.66e-16	-3.11e-12
Both	RIIIS/J_M	PAM_0000358x743	28.0	3.44	-6.66e-16	-3.11e-12
Both	SWR/J_F	PAM_0000154x697	12.0	0.51	-4.44e-16	-2.07e-12
Strain	129S1/SvImJ	MPATH:585	46.0	8.90	0.00e+00	0.00e+00
Strain	129S1/SvImJ	PAM_0000415x585	46.0	8.90	0.00e+00	0.00e+00
Strain	C3H/HeJ	PAM_0000118x270	44.0	3.48	0.00e+00	0.00e+00
Strain	C57BL/10J	MPATH:34	52.0	11.37	0.00e+00	0.00e+00
Strain	C57BLKS/J	PAM_0000349x667	60.0	18.08	0.00e+00	0.00e+00
Strain	C57BR/cdJ	MA:0000338	34.0	4.18	0.00e+00	0.00e+00
Strain	C57L/J	PAM_0000253x555	54.0	7.68	0.00e+00	0.00e+00
Strain	C57L/J	MA:0000179	18.0	1.30	0.00e+00	0.00e+00
Strain	C57L/J	PAM_0000179x555	18.0	1.30	0.00e+00	0.00e+00
Strain	C57L/J	MA:0000176	20.0	1.38	0.00e+00	0.00e+00
Strain	C57L/J	PAM_0000176x270	20.0	1.32	0.00e+00	0.00e+00
Strain	CBA/J	MA:0000216	24.0	3.70	0.00e+00	0.00e+00
Strain	CBA/J	PAM_0000216x14	24.0	2.90	0.00e+00	0.00e+00
Strain	DBA/2J	MPATH:181	82.0	28.82	0.00e+00	0.00e+00
Strain	DBA/2J	PAM_0001876x181	58.0	5.98	0.00e+00	0.00e+00
Strain	KK/HlJ	MPATH:590	62.0	10.31	0.00e+00	0.00e+00
Strain	KK/HlJ	MPATH:555	114.0	23.10	0.00e+00	0.00e+00
Strain	KK/HlJ	PAM_0000163x555	106.0	4.70	0.00e+00	0.00e+00
Strain	KK/HlJ	MPATH:811	58.0	6.83	0.00e+00	0.00e+00
Strain	KK/HlJ	PAM_0001296x474	12.0	0.60	0.00e+00	0.00e+00
Strain	MRL/MpJ	MPATH:214	130.0	88.65	0.00e+00	0.00e+00
Strain	MRL/MpJ	MA:0000124	121.0	35.21	0.00e+00	0.00e+00
Strain	MRL/MpJ	PAM_0000124x214	102.0	30.99	0.00e+00	0.00e+00
Strain	NON/ShiLtJ	PAM_0000377x474	64.0	6.05	0.00e+00	0.00e+00
Strain	PWD/PhJ	MA:0000129	94.0	40.28	0.00e+00	0.00e+00
Strain	PWD/PhJ	MPATH:762	78.0	23.69	0.00e+00	0.00e+00
Strain	PWD/PhJ	PAM_0000346x181	30.0	2.03	0.00e+00	0.00e+00
Strain	SJL/J	MA:0000276	60.0	6.72	0.00e+00	0.00e+00
Strain	SWR/J	MA:0000415	66.0	16.99	0.00e+00	0.00e+00
Sex	F	MPATH:590	266.0	161.65	0.00e+00	0.00e+00
Sex	F	PAM_0001459x590	260.0	158.30	0.00e+00	0.00e+00
Sex	F	MPATH:738	586.0	318.49	0.00e+00	0.00e+00
Sex	F	MPATH:736	350.0	188.80	0.00e+00	0.00e+00
Sex	F	MA:0000116	742.0	509.40	0.00e+00	0.00e+00
Both	129S1/SvImJ_F	MPATH:644	40.0	10.46	0.00e+00	0.00e+00
Both	129S1/SvImJ_F	PAM_0000422x644	12.0	0.44	0.00e+00	0.00e+00
Both	129S1/SvImJ_M	PAM_0001247x270	32.0	3.98	0.00e+00	0.00e+00
Both	A/J_F	MA:0000165	100.0	14.71	0.00e+00	0.00e+00
Both	A/J_F	PAM_0000165x14	68.0	9.29	0.00e+00	0.00e+00
Both	A/J_F	MPATH:428	32.0	1.14	0.00e+00	0.00e+00
Both	A/J_F	PAM_0000165x428	32.0	1.14	0.00e+00	0.00e+00
Both	A/J_M	PAM_0000165x14	72.0	7.41	0.00e+00	0.00e+00
Both	C3H/HeJ_M	MA:0000118	44.0	3.08	0.00e+00	0.00e+00
Both	C3H/HeJ_M	PAM_0000118x270	42.0	1.68	0.00e+00	0.00e+00
Both	C57BR/cdJ_M	MA:0000338	20.0	2.18	0.00e+00	0.00e+00
Both	C57BR/cdJ_M	PAM_0000338x214	20.0	0.53	0.00e+00	0.00e+00
Both	C57L/J_M	PAM_0000253x555	34.0	3.83	0.00e+00	0.00e+00
Both	DBA/2J_F	MA:0001876	28.0	4.47	0.00e+00	0.00e+00
Both	KK/HlJ_F	MA:0000163	62.0	5.95	0.00e+00	0.00e+00
Both	KK/HlJ_F	MPATH:43	44.0	9.38	0.00e+00	0.00e+00
Both	KK/HlJ_F	PAM_0000163x555	60.0	2.64	0.00e+00	0.00e+00
Both	KK/HlJ_F	PAM_0001876x181	36.0	4.84	0.00e+00	0.00e+00
Both	KK/HlJ_F	PAM_0001876x811	32.0	2.82	0.00e+00	0.00e+00
Both	KK/HlJ_F	PAM_0000061x555	14.0	0.41	0.00e+00	0.00e+00
Both	KK/HlJ_F	PAM_0001296x474	12.0	0.41	0.00e+00	0.00e+00
Both	KK/HlJ_M	MPATH:555	50.0	9.02	0.00e+00	0.00e+00
Both	KK/HlJ_M	PAM_0000163x555	46.0	2.06	0.00e+00	0.00e+00
Both	KK/HlJ_M	PAM_0001876x181	26.0	4.04	0.00e+00	0.00e+00
Both	PWD/PhJ_F	MPATH:637	20.0	1.23	0.00e+00	0.00e+00
Both	RIIIS/J_F	MPATH:803	24.0	1.70	0.00e+00	0.00e+00
Both	RIIIS/J_F	PAM_0001459x803	24.0	1.60	0.00e+00	0.00e+00
Both	RIIIS/J_M	MA:0000358	44.0	12.25	0.00e+00	0.00e+00
Both	SJL/J_F	MA:0002434	48.0	8.32	0.00e+00	0.00e+00
Both	SJL/J_F	MA:0000165	88.0	13.69	0.00e+00	0.00e+00
Both	SJL/J_F	PAM_0000165x14	72.0	8.72	0.00e+00	0.00e+00
Both	SJL/J_M	MA:0000165	32.0	5.58	0.00e+00	0.00e+00
Both	BUB/BnJ_M	PAM_0002784x134	14.0	0.39	2.22e-16	1.04e-12
Both	KK/HlJ_F	MPATH:590	58.0	7.09	2.22e-16	1.04e-12
Both	KK/HlJ_F	PAM_0001459x590	58.0	6.97	2.22e-16	1.04e-12
Both	KK/HlJ_F	MPATH:555	64.0	14.08	2.22e-16	1.04e-12
Both	KK/HlJ_F	PAM_0000415x555	34.0	1.51	2.22e-16	1.04e-12
Both	KK/HlJ_F	PAM_0000116x43	24.0	3.00	2.22e-16	1.04e-12
Both	LP/J_F	MA:0000253	40.0	9.89	2.22e-16	1.04e-12
Both	MRL/MpJ_M	PAM_0001247x613	52.0	8.36	2.22e-16	1.04e-12
Strain	A/J	PAM_0000165x591	124.0	15.41	3.33e-16	1.56e-12
Strain	A/J	MPATH:428	42.0	2.20	3.33e-16	1.56e-12
Strain	A/J	PAM_0000165x428	42.0	2.20	3.33e-16	1.56e-12
Strain	BTBR T<+> tf/J	PAM_0001551x474	30.0	1.33	3.33e-16	1.56e-12
Strain	BUB/BnJ	PAM_0002784x134	14.0	0.97	3.33e-16	1.56e-12
Strain	C3H/HeJ	PAM_0000253x213	52.0	11.59	3.33e-16	1.56e-12
Strain	C57BR/cdJ	PAM_0000338x214	28.0	0.89	3.33e-16	1.56e-12
Strain	FVB/NJ	PAM_0000116x43	26.0	3.87	3.33e-16	1.56e-12
Strain	KK/HlJ	MA:0000284	40.0	6.82	3.33e-16	1.56e-12
Strain	NON/ShiLtJ	PAM_0002703x554	40.0	2.80	3.33e-16	1.56e-12
Strain	PWD/PhJ	PAM_0000403x44	12.0	0.47	3.33e-16	1.56e-12
Strain	RIIIS/J	MPATH:613	60.0	22.65	3.33e-16	1.56e-12
Strain	RIIIS/J	PAM_0001247x613	60.0	21.85	3.33e-16	1.56e-12
Strain	RIIIS/J	PAM_0001459x803	24.0	2.64	3.33e-16	1.56e-12
Sex	F	MPATH:759	96.0	53.44	3.33e-16	1.56e-12
Sex	F	PAM_0000145x759	96.0	53.44	3.33e-16	1.56e-12
Both	A/J_M	MPATH:14	74.0	26.79	3.33e-16	1.56e-12
Both	C57BL/10J_F	MA:0001876	38.0	5.37	3.33e-16	1.56e-12
Both	C57L/J_F	PAM_0000253x642	32.0	2.95	3.33e-16	1.56e-12
Both	C57L/J_M	MPATH:642	36.0	3.09	3.33e-16	1.56e-12
Both	C57L/J_M	MPATH:555	44.0	10.77	3.33e-16	1.56e-12
Both	CBA/J_M	MPATH:353	24.0	2.12	3.33e-16	1.56e-12
Both	CBA/J_M	PAM_0000358x353	24.0	2.12	3.33e-16	1.56e-12
Both	KK/HlJ_M	PAM_0001876x811	24.0	2.97	3.33e-16	1.56e-12
Both	KK/HlJ_M	MPATH:820	10.0	0.17	3.33e-16	1.56e-12
Both	KK/HlJ_M	PAM_0000129x820	10.0	0.17	3.33e-16	1.56e-12
Both	MRL/MpJ_F	MPATH:696	54.0	22.81	3.33e-16	1.56e-12
Both	MRL/MpJ_F	PAM_0000116x696	54.0	22.81	3.33e-16	1.56e-12
Both	MRL/MpJ_F	MA:0000124	76.0	20.99	3.33e-16	1.56e-12
Both	MRL/MpJ_F	PAM_0000129x594	36.0	6.59	3.33e-16	1.56e-12
Both	NON/ShiLtJ_F	PAM_0002703x213	22.0	0.97	3.33e-16	1.56e-12
Both	SJL/J_F	PAM_0000165x591	78.0	8.18	3.33e-16	1.56e-12
Strain	AKR/J	MA:0002434	32.0	3.05	4.44e-16	2.07e-12
Both	KK/HlJ_F	MA:0001459	58.0	8.56	4.44e-16	2.07e-12
Both	LP/J_F	PAM_0000253x555	30.0	4.34	4.44e-16	2.07e-12
Both	MRL/MpJ_M	MA:0001247	52.0	16.28	4.44e-16	2.07e-12
Both	MRL/MpJ_M	MA:0000124	45.0	14.23	4.44e-16	2.07e-12
Strain	C57BR/cdJ	PAM_0000253x555	42.0	7.90	6.66e-16	3.11e-12
Strain	DBA/2J	MA:0001876	58.0	8.70	6.66e-16	3.11e-12
Strain	DBA/2J	PAM_0001876x811	50.0	4.32	6.66e-16	3.11e-12
Strain	KK/HlJ	PAM_0000415x555	46.0	2.19	6.66e-16	3.11e-12
Strain	LP/J	PAM_0000253x555	52.0	9.43	6.66e-16	3.11e-12
Strain	MRL/MpJ	PAM_0001247x613	102.0	22.43	6.66e-16	3.11e-12
Strain	NON/ShiLtJ	MA:0000377	66.0	10.09	6.66e-16	3.11e-12
Strain	NON/ShiLtJ	PAM_0002703x213	22.0	1.60	6.66e-16	3.11e-12
Strain	NOD.B10Sn-H2<b>/J	MA:0000124	70.0	21.08	6.66e-16	3.11e-12
Sex	F	MA:0001459	314.0	194.71	6.66e-16	3.11e-12
Sex	F	MA:0000145	160.0	90.56	6.66e-16	3.11e-12
Both	129S1/SvImJ_F	MPATH:585	32.0	3.87	6.66e-16	3.11e-12
Both	129S1/SvImJ_F	PAM_0000415x585	32.0	3.87	6.66e-16	3.11e-12
Both	A/J_F	MPATH:591	88.0	22.44	6.66e-16	3.11e-12
Both	BTBR T<+> tf/J_F	PAM_0001551x474	18.0	0.66	6.66e-16	3.11e-12
Both	BUB/BnJ_M	MA:0002784	16.0	0.78	6.66e-16	3.11e-12
Both	KK/HlJ_F	PAM_0000129x594	26.0	4.83	6.66e-16	3.11e-12
Both	KK/HlJ_M	MPATH:811	26.0	3.45	6.66e-16	3.11e-12
Both	MRL/MpJ_F	PAM_0000124x181	16.0	2.30	6.66e-16	3.11e-12
Both	MRL/MpJ_F	MPATH:613	50.0	14.30	6.66e-16	3.11e-12
Both	MRL/MpJ_F	PAM_0001247x613	50.0	14.06	6.66e-16	3.11e-12
Both	MRL/MpJ_M	MPATH:613	52.0	8.48	6.66e-16	3.11e-12
Both	NON/ShiLtJ_F	MA:0000377	64.0	6.14	6.66e-16	3.11e-12
Both	NON/ShiLtJ_F	PAM_0002703x554	32.0	1.82	6.66e-16	3.11e-12
Both	PWD/PhJ_M	MPATH:353	26.0	1.79	6.66e-16	3.11e-12
Both	PWD/PhJ_M	PAM_0000358x353	26.0	1.79	6.66e-16	3.11e-12
Both	KK/HlJ_F	MPATH:811	32.0	3.38	8.88e-16	4.15e-12
Strain	C57BL/10J	MA:0001876	74.0	11.68	9.99e-16	4.67e-12
Strain	C57L/J	PAM_0000253x181	22.0	3.19	9.99e-16	4.67e-12
Strain	SJL/J	MA:0002434	62.0	11.04	9.99e-16	4.67e-12
Both	C57L/J_F	MPATH:642	32.0	3.14	9.99e-16	4.67e-12
Both	CBA/J_F	MPATH:793	14.0	0.79	9.99e-16	4.67e-12
Both	CBA/J_F	PAM_0000141x793	14.0	0.79	9.99e-16	4.67e-12
Both	MRL/MpJ_F	PAM_0000124x134	48.0	3.47	9.99e-16	4.67e-12
Both	RIIIS/J_M	PAM_0001324x268	10.0	0.18	9.99e-16	4.67e-12
Strain	C57BL/10J	PAM_0001876x127	42.0	2.46	1.33e-15	6.22e-12
Strain	KK/HlJ	MA:0001459	62.0	12.33	1.33e-15	6.22e-12
Strain	KK/HlJ	PAM_0000389x34	18.0	0.95	1.33e-15	6.22e-12
Strain	SJL/J	MPATH:14	108.0	41.95	1.33e-15	6.22e-12
Strain	NOD.B10Sn-H2<b>/J	PAM_0000124x214	68.0	18.54	1.33e-15	6.22e-12
Both	A/J_M	PAM_0000165x554	18.0	0.55	1.33e-15	6.22e-12
Both	BALB/cByJ_F	MPATH:754	14.0	0.82	1.33e-15	6.22e-12
Both	BALB/cByJ_F	PAM_0000141x754	14.0	0.82	1.33e-15	6.22e-12
Both	DBA/2J_F	PAM_0001876x181	28.0	3.10	1.33e-15	6.22e-12
Both	KK/HlJ_F	MPATH:594	26.0	4.98	1.33e-15	6.22e-12
Both	MRL/MpJ_F	MPATH:736	50.0	9.63	1.33e-15	6.22e-12
Both	MRL/MpJ_F	PAM_0002417x127	58.0	5.77	1.33e-15	6.22e-12
Both	MRL/MpJ_F	MPATH:594	36.0	6.78	1.33e-15	6.22e-12
Both	SJL/J_F	MPATH:14	76.0	31.35	1.33e-15	6.22e-12
Both	SJL/J_F	MPATH:591	80.0	21.07	1.33e-15	6.22e-12
Both	SJL/J_F	MA:0000276	44.0	5.76	1.33e-15	6.22e-12
Both	WSB/EiJ_F	MA:0001459	32.0	7.21	1.33e-15	6.22e-12
Both	SWR/J_F	MPATH:585	30.0	1.96	1.55e-15	7.26e-12
Both	SWR/J_F	PAM_0000415x585	30.0	1.96	1.55e-15	7.26e-12
Strain	BTBR T<+> tf/J	MA:0001551	32.0	2.29	1.67e-15	7.78e-12
Strain	NON/ShiLtJ	MA:0002703	56.0	5.23	1.67e-15	7.78e-12
Both	C57BL/6J_F	MPATH:783	10.0	0.29	1.67e-15	7.78e-12
Both	C57BL/6J_F	PAM_0000154x783	10.0	0.29	1.67e-15	7.78e-12
Both	C57L/J_F	MA:0000176	20.0	0.70	1.67e-15	7.78e-12
Both	C57L/J_F	PAM_0000176x270	20.0	0.68	1.67e-15	7.78e-12
Both	MRL/MpJ_F	MA:0002417	60.0	16.98	1.67e-15	7.78e-12
Both	SJL/J_F	PAM_0000276x14	22.0	3.76	1.67e-15	7.78e-12
Both	SWR/J_F	MPATH:697	12.0	0.65	1.78e-15	8.30e-12
Strain	C57L/J	MPATH:647	90.0	40.33	2.00e-15	9.34e-12
Strain	C57L/J	PAM_0000368x647	90.0	40.33	2.00e-15	9.34e-12
Sex	M	MPATH:474	1394.0	1259.28	2.00e-15	9.34e-12
Both	MRL/MpJ_F	MA:0000129	78.0	27.83	2.00e-15	9.34e-12
Both	PWD/PhJ_M	MPATH:44	14.0	1.34	2.00e-15	9.34e-12
Strain	KK/HlJ	PAM_0000368x492	92.0	43.92	2.33e-15	1.09e-11
Both	BTBR T<+> tf/J_F	MA:0001551	20.0	1.20	2.33e-15	1.09e-11
Both	C3H/HeJ_F	MPATH:736	38.0	5.64	2.33e-15	1.09e-11
Both	KK/HlJ_M	MPATH:755	8.0	0.08	2.33e-15	1.09e-11
Both	KK/HlJ_M	PAM_0000415x755	8.0	0.08	2.33e-15	1.09e-11
Strain	KK/HlJ	PAM_0000384x43	34.0	9.52	3.00e-15	1.40e-11
Sex	M	MA:0000401	114.0	56.59	3.00e-15	1.40e-11
Both	MRL/MpJ_F	MA:0000116	54.0	26.41	3.00e-15	1.40e-11
Both	RIIIS/J_M	MPATH:268	10.0	0.25	3.00e-15	1.40e-11
Both	KK/HlJ_F	PAM_0000284x213	14.0	0.66	3.11e-15	1.45e-11
Strain	C57L/J	PAM_0000253x213	22.0	9.34	3.33e-15	1.56e-11
Both	KK/HlJ_F	MA:0000129	52.0	20.92	3.55e-15	1.66e-11
Strain	129S1/SvImJ	PAM_0000422x644	12.0	0.93	4.00e-15	1.87e-11
Both	A/J_F	MPATH:811	28.0	5.99	4.00e-15	1.87e-11
Both	C3H/HeJ_M	MPATH:270	42.0	7.67	4.00e-15	1.87e-11
Both	C57BR/cdJ_F	MA:0000176	12.0	0.62	4.66e-15	2.18e-11
Both	C57BR/cdJ_F	PAM_0000176x270	12.0	0.54	4.66e-15	2.18e-11
Strain	KK/HlJ	MPATH:492	92.0	43.99	5.00e-15	2.33e-11
Strain	KK/HlJ	MPATH:213	86.0	34.89	5.00e-15	2.33e-11
Both	MRL/MpJ_F	PAM_0000124x214	62.0	18.40	5.00e-15	2.33e-11
Strain	CBA/J	PAM_0000349x667	38.0	12.94	5.33e-15	2.49e-11
Both	129S1/SvImJ_M	MA:0001247	74.0	29.77	5.33e-15	2.49e-11
Strain	CBA/J	MPATH:793	14.0	1.52	5.66e-15	2.65e-11
Strain	CBA/J	PAM_0000141x793	14.0	1.52	5.66e-15	2.65e-11
Both	C57L/J_M	PAM_0000253x181	16.0	1.65	5.66e-15	2.65e-11
Strain	MRL/MpJ	MA:0001247	106.0	45.84	6.00e-15	2.80e-11
Both	MRL/MpJ_F	MPATH:109	16.0	1.44	6.00e-15	2.80e-11
Both	MRL/MpJ_M	PAM_0000124x214	40.0	12.59	6.66e-15	3.11e-11
Strain	MRL/MpJ	MPATH:109	18.0	2.11	7.66e-15	3.58e-11
Both	129S1/SvImJ_M	PAM_0001613x68	18.0	1.03	8.66e-15	4.05e-11
Strain	CBA/J	MA:0000349	42.0	16.28	8.99e-15	4.20e-11
Strain	129S1/SvImJ	MPATH:644	66.0	21.26	1.13e-14	5.29e-11
Sex	M	MPATH:608	140.0	75.62	1.27e-14	5.91e-11
Both	KK/HlJ_F	MA:0000284	26.0	4.30	1.35e-14	6.33e-11
Both	DBA/2J_M	PAM_0001876x181	30.0	2.89	1.37e-14	6.38e-11
Strain	P/J	MA:0000002	20.0	2.56	1.53e-14	7.16e-11
Strain	P/J	PAM_0000002x554	20.0	2.56	1.53e-14	7.16e-11
Sex	M	MA:0000402	68.0	31.47	1.67e-14	7.78e-11
Both	KK/HlJ_F	MPATH:181	52.0	20.23	1.73e-14	8.09e-11
Strain	C57L/J	MPATH:555	70.0	21.61	1.87e-14	8.71e-11
Both	MRL/MpJ_M	PAM_0000124x134	21.0	2.41	1.89e-14	8.82e-11
Strain	MRL/MpJ	MA:0000129	108.0	45.64	2.16e-14	1.01e-10
Sex	F	MPATH:637	58.0	33.50	2.16e-14	1.01e-10
Both	KK/HlJ_F	PAM_0000284x644	12.0	0.75	2.24e-14	1.05e-10
Strain	C57BL/6J	MA:0000285	28.0	4.69	2.33e-14	1.09e-10
Strain	C57BL/6J	PAM_0000285x34	26.0	4.60	2.33e-14	1.09e-10
Both	129S1/SvImJ_M	MPATH:270	58.0	12.63	2.36e-14	1.10e-10
Both	C57BR/cdJ_M	PAM_0000253x555	20.0	4.18	2.76e-14	1.29e-10
Both	MRL/MpJ_M	PAM_0001247x474	26.0	7.54	2.93e-14	1.37e-10
Both	C57BL/10J_M	MA:0000285	18.0	2.12	2.96e-14	1.38e-10
Both	C57BL/10J_M	PAM_0000285x34	18.0	2.08	2.96e-14	1.38e-10
Strain	NZO/H1LtJ	PAM_0002417x591	36.0	8.51	3.00e-14	1.40e-10
Both	SJL/J_F	MA:0000139	28.0	3.82	3.33e-14	1.56e-10
Both	MRL/MpJ_M	PAM_0000127x214	16.0	1.90	3.40e-14	1.59e-10
Strain	BUB/BnJ	MA:0002784	18.0	2.28	3.76e-14	1.76e-10
Both	C57L/J_M	MPATH:591	46.0	14.61	4.13e-14	1.93e-10
Both	KK/HlJ_F	MA:0000415	40.0	14.76	4.33e-14	2.02e-10
Strain	RIIIS/J	PAM_0001324x268	10.0	0.45	5.33e-14	2.49e-10
Both	P/J_M	PAM_0001613x491	6.0	0.04	5.57e-14	2.60e-10
Strain	MRL/MpJ	PAM_0000356x633	35.0	5.01	5.93e-14	2.77e-10
Strain	C57BR/cdJ	MA:0000253	52.0	20.09	6.63e-14	3.10e-10
Both	MRL/MpJ_F	PAM_0000120x214	30.0	5.48	7.93e-14	3.70e-10
Strain	SJL/J	MA:0000139	32.0	5.11	7.96e-14	3.72e-10
Both	SWR/J_F	MA:0000415	36.0	8.41	7.99e-14	3.73e-10
Sex	M	PAM_0000401x474	88.0	43.58	9.53e-14	4.45e-10
Strain	C3H/HeJ	MA:0000118	46.0	6.20	9.73e-14	4.54e-10
Both	RIIIS/J_M	MPATH:837	16.0	1.33	9.79e-14	4.57e-10
Both	RIIIS/J_M	PAM_0000358x837	16.0	1.33	9.79e-14	4.57e-10
Both	KK/HlJ_F	PAM_0002784x644	14.0	0.90	1.09e-13	5.07e-10
Both	C57L/J_F	MA:0000394	12.0	0.45	1.16e-13	5.42e-10
Strain	MRL/MpJ	MA:0000356	47.0	10.64	1.18e-13	5.52e-10
Strain	A/J	PAM_0000072x811	24.0	2.10	1.24e-13	5.80e-10
Strain	RIIIS/J	MA:0001247	86.0	49.70	1.36e-13	6.36e-10
Both	C57BLKS/J_M	MPATH:789	8.0	0.19	1.36e-13	6.36e-10
Both	129S1/SvImJ_F	MA:0000422	12.0	0.72	1.57e-13	7.31e-10
Strain	C57BL/10J	PAM_0001876x555	16.0	2.02	1.67e-13	7.80e-10
Both	A/J_F	PAM_0000072x811	18.0	1.23	1.91e-13	8.93e-10
Strain	KK/HlJ	PAM_0000284x213	20.0	1.29	1.96e-13	9.17e-10
Both	CBA/J_M	PAM_0000349x667	22.0	6.13	1.96e-13	9.17e-10
Both	BALB/cByJ_F	MA:0000141	32.0	9.14	2.08e-13	9.73e-10
Strain	RIIIS/J	MA:0000358	54.0	26.28	2.19e-13	1.02e-09
Strain	MRL/MpJ	MPATH:736	50.0	15.25	2.26e-13	1.06e-09
Strain	MRL/MpJ	PAM_0000384x736	50.0	15.14	2.26e-13	1.06e-09
Both	CBA/J_M	MA:0000216	14.0	1.65	2.27e-13	1.06e-09
Both	CBA/J_M	PAM_0000216x14	14.0	1.26	2.27e-13	1.06e-09
Both	DBA/2J_M	PAM_0001876x811	26.0	2.03	2.35e-13	1.10e-09
Both	KK/HlJ_F	MA:0002784	18.0	1.82	2.50e-13	1.17e-09
Strain	MRL/MpJ	PAM_0000129x594	40.0	12.18	2.56e-13	1.20e-09
Strain	SWR/J	PAM_0000154x697	12.0	0.83	2.88e-13	1.35e-09
Both	CBA/J_M	MA:0000349	26.0	7.64	2.88e-13	1.35e-09
Strain	MRL/MpJ	MPATH:633	35.0	5.32	3.20e-13	1.50e-09
Strain	C57L/J	MA:0000368	118.0	81.53	3.24e-13	1.51e-09
Strain	KK/HlJ	PAM_0000129x594	44.0	11.35	3.48e-13	1.63e-09
Both	C57BL/6J_M	PAM_0000349x667	24.0	7.53	3.60e-13	1.68e-09
Strain	NON/ShiLtJ	MPATH:647	104.0	50.73	3.63e-13	1.70e-09
Strain	NON/ShiLtJ	PAM_0000368x647	104.0	50.73	3.63e-13	1.70e-09
Strain	MRL/MpJ	MPATH:594	40.0	12.48	3.64e-13	1.70e-09
Strain	RIIIS/J	MPATH:743	32.0	6.29	4.15e-13	1.94e-09
Strain	RIIIS/J	PAM_0000358x743	32.0	6.29	4.15e-13	1.94e-09
Strain	PWD/PhJ	MPATH:353	26.0	4.20	4.15e-13	1.94e-09
Strain	PWD/PhJ	PAM_0000358x353	26.0	4.20	4.15e-13	1.94e-09
Both	KK/HlJ_F	PAM_0000164x555	12.0	0.77	4.36e-13	2.04e-09
Both	KK/HlJ_F	MA:0001296	12.0	0.77	4.36e-13	2.04e-09
Both	KK/HlJ_M	MA:0000129	54.0	18.45	4.39e-13	2.05e-09
Both	SJL/J_F	PAM_0000139x530	8.0	0.26	4.55e-13	2.12e-09
Both	KK/HlJ_M	MA:0001876	26.0	5.46	4.61e-13	2.16e-09
Strain	129S1/SvImJ	MPATH:270	78.0	22.20	5.00e-13	2.34e-09
Both	C57BL/6J_M	MA:0000349	34.0	9.70	5.45e-13	2.54e-09
Strain	KK/HlJ	PAM_0000116x43	24.0	4.69	5.51e-13	2.57e-09
Strain	129S1/SvImJ	PAM_0001613x270	30.0	4.27	5.97e-13	2.79e-09
Strain	C57BR/cdJ	MPATH:555	48.0	22.06	6.36e-13	2.97e-09
Both	MRL/MpJ_F	MA:0000120	42.0	7.79	6.63e-13	3.10e-09
Strain	C3H/HeJ	MPATH:696	70.0	26.89	6.82e-13	3.19e-09
Strain	C3H/HeJ	PAM_0000116x696	70.0	26.89	6.82e-13	3.19e-09
Both	NOD.B10Sn-H2<b>/J_M	PAM_0002535x34	6.0	0.06	7.23e-13	3.38e-09
Both	C57BR/cdJ_M	PAM_0000273x751	8.0	0.19	8.13e-13	3.80e-09
Strain	BALB/cByJ	PAM_0000093x181	14.0	1.12	8.26e-13	3.86e-09
Both	C57L/J_F	MPATH:738	34.0	10.21	8.36e-13	3.90e-09
Strain	KK/HlJ	PAM_0000253x213	42.0	9.63	9.04e-13	4.22e-09
Both	FVB/NJ_M	PAM_0000116x43	20.0	2.15	9.07e-13	4.24e-09
Both	DBA/2J_M	MA:0001876	30.0	4.23	1.04e-12	4.84e-09
Both	C57L/J_F	MPATH:270	22.0	7.22	1.04e-12	4.85e-09
Strain	NZO/H1LtJ	MA:0002417	40.0	10.60	1.04e-12	4.88e-09
Both	MRL/MpJ_F	MPATH:725	28.0	9.39	1.08e-12	5.05e-09
Both	MRL/MpJ_F	PAM_0000368x725	28.0	9.39	1.08e-12	5.05e-09
Strain	KK/HlJ	MPATH:594	44.0	11.60	1.13e-12	5.29e-09
Strain	SWR/J	MPATH:697	12.0	1.15	1.15e-12	5.39e-09
Strain	KK/HlJ	PAM_0000412x555	12.0	0.78	1.25e-12	5.84e-09
Strain	KK/HlJ	PAM_0000284x644	18.0	1.31	1.25e-12	5.84e-09
Both	C57BL/10J_F	PAM_0001876x127	18.0	1.14	1.26e-12	5.88e-09
Strain	129S1/SvImJ	PAM_0001247x270	38.0	6.57	1.32e-12	6.17e-09
Strain	BTBR T<+> tf/J	MPATH:493	20.0	3.27	1.33e-12	6.20e-09
Strain	BTBR T<+> tf/J	PAM_0000368x493	20.0	3.27	1.33e-12	6.20e-09
Both	PL/J_F	MA:0000390	6.0	0.08	1.67e-12	7.83e-09
Both	129S1/SvImJ_M	PAM_0000253x181	22.0	2.66	1.82e-12	8.49e-09
Strain	BALB/cByJ	MA:0000141	40.0	13.46	1.87e-12	8.73e-09
Strain	MRL/MpJ	MA:0002417	81.0	28.66	2.15e-12	1.01e-08
Strain	C3H/HeJ	MA:0000253	54.0	20.14	2.15e-12	1.01e-08
Both	NOD.B10Sn-H2<b>/J_F	MPATH:738	30.0	9.08	2.16e-12	1.01e-08
Strain	PWD/PhJ	PAM_0001702x44	10.0	0.36	2.50e-12	1.17e-08
Sex	F	PAM_0000165x591	206.0	144.97	2.54e-12	1.18e-08
Both	MRL/MpJ_F	MPATH:859	12.0	0.82	2.71e-12	1.27e-08
Both	LP/J_M	PAM_0000253x555	22.0	5.09	2.74e-12	1.28e-08
Both	CBA/J_M	MPATH:608	18.0	2.95	2.80e-12	1.31e-08
Both	C57BL/10J_F	MA:0000736	12.0	0.67	2.81e-12	1.31e-08
Both	C57L/J_F	MA:0000253	34.0	8.89	3.04e-12	1.42e-08
Strain	LP/J	PAM_0000253x215	20.0	1.79	3.12e-12	1.46e-08
Strain	SJL/J	MA:0001324	28.0	5.44	3.25e-12	1.52e-08
Strain	SJL/J	PAM_0001324x644	28.0	5.24	3.25e-12	1.52e-08
Both	C57BL/6J_F	MA:0001876	18.0	6.30	3.37e-12	1.57e-08
Both	LP/J_F	PAM_0000253x215	16.0	0.85	3.46e-12	1.62e-08
Both	PWD/PhJ_M	MA:0000233	6.0	0.07	3.50e-12	1.64e-08
Both	PWD/PhJ_M	PAM_0000233x44	6.0	0.07	3.50e-12	1.64e-08
Strain	C57L/J	PAM_0002417x591	60.0	18.60	3.56e-12	1.66e-08
Strain	129S1/SvImJ	PAM_0000403x608	28.0	6.13	3.56e-12	1.66e-08
Strain	NOD.B10Sn-H2<b>/J	PAM_0000110x800	18.0	3.87	3.69e-12	1.72e-08
Both	NOD.B10Sn-H2<b>/J_F	MA:0000124	38.0	11.32	3.71e-12	1.73e-08
Both	KK/HlJ_F	MA:0000755	8.0	0.22	4.78e-12	2.23e-08
Both	KK/HlJ_F	PAM_0000755x134	8.0	0.22	4.78e-12	2.23e-08
Strain	129S1/SvImJ	PAM_0001247x474	62.0	24.17	5.00e-12	2.34e-08
Both	C57L/J_M	PAM_0000253x141	8.0	0.24	5.10e-12	2.38e-08
Strain	BALB/cByJ	MA:0000093	14.0	1.57	5.22e-12	2.44e-08
Both	SM/J_M	MPATH:47	52.0	29.62	5.33e-12	2.49e-08
Both	SM/J_M	PAM_0000127x47	52.0	29.62	5.33e-12	2.49e-08
Strain	C57BL/6J	MPATH:783	10.0	0.57	5.33e-12	2.49e-08
Strain	C57BL/6J	PAM_0000154x783	10.0	0.57	5.33e-12	2.49e-08
Both	C57BL/10J_F	MPATH:43	26.0	7.07	5.37e-12	2.51e-08
Strain	KK/HlJ	MA:0000412	12.0	1.06	6.05e-12	2.83e-08
Strain	KK/HlJ	PAM_0002784x644	18.0	1.62	6.05e-12	2.83e-08
Strain	NOD.B10Sn-H2<b>/J	MPATH:800	18.0	3.93	6.35e-12	2.97e-08
Strain	A/J	MPATH:272	48.0	12.68	6.44e-12	3.01e-08
Strain	A/J	PAM_0000415x272	48.0	12.68	6.44e-12	3.01e-08
Sex	F	MPATH:760	110.0	58.26	6.62e-12	3.09e-08
Both	C57BL/10J_M	MPATH:34	36.0	6.18	6.82e-12	3.19e-08
Both	AKR/J_M	MA:0001038	6.0	1.63	6.89e-12	3.22e-08
Both	AKR/J_M	PAM_0001038x554	6.0	1.63	6.89e-12	3.22e-08
Strain	KK/HlJ	MPATH:181	90.0	35.97	7.08e-12	3.31e-08
Both	DBA/2J_M	MPATH:811	30.0	3.12	7.53e-12	3.52e-08
Strain	129S1/SvImJ	MA:0001247	106.0	53.97	7.55e-12	3.53e-08
Both	RIIIS/J_M	MPATH:633	28.0	2.17	7.60e-12	3.55e-08
Both	NOD.B10Sn-H2<b>/J_M	PAM_0000124x214	32.0	8.62	8.19e-12	3.83e-08
Both	C57BR/cdJ_M	MPATH:751	8.0	0.23	8.72e-12	4.08e-08
Both	MRL/MpJ_M	PAM_0002417x127	21.0	3.82	8.74e-12	4.08e-08
Strain	SJL/J	PAM_0000139x530	10.0	0.36	9.03e-12	4.22e-08
Both	BALB/cByJ_M	MPATH:743	16.0	3.11	9.19e-12	4.30e-08
Both	BALB/cByJ_M	PAM_0000358x743	16.0	3.11	9.19e-12	4.30e-08
Both	PWD/PhJ_F	PAM_0000129x762	50.0	13.29	9.66e-12	4.52e-08
Strain	KK/HlJ	MPATH:755	8.0	0.31	1.01e-11	4.73e-08
Strain	KK/HlJ	PAM_0000415x755	8.0	0.31	1.01e-11	4.73e-08
Both	SJL/J_F	PAM_0000134x181	8.0	0.39	1.07e-11	5.01e-08
Both	PWD/PhJ_F	MPATH:760	20.0	2.32	1.17e-11	5.47e-08
Both	BALB/cByJ_M	PAM_0000093x181	10.0	0.48	1.19e-11	5.55e-08
Both	PWD/PhJ_F	MPATH:762	50.0	13.47	1.20e-11	5.59e-08
Strain	PL/J	MA:0000390	6.0	0.15	1.22e-11	5.68e-08
Strain	LP/J	MPATH:555	62.0	26.33	1.35e-11	6.32e-08
Sex	M	PAM_0001247x474	286.0	257.37	1.36e-11	6.36e-08
Both	KK/HlJ_F	MA:0002535	8.0	0.57	1.44e-11	6.72e-08
Sex	M	MA:0000358	368.0	307.61	1.46e-11	6.81e-08
Both	RIIIS/J_F	MA:0001459	32.0	9.26	1.48e-11	6.93e-08
Both	C57BL/6J_F	PAM_0001876x127	8.0	1.26	1.50e-11	7.01e-08
Both	BALB/cByJ_M	MA:0000347	20.0	2.67	1.53e-11	7.16e-08
Both	KK/HlJ_M	MPATH:754	8.0	0.63	1.56e-11	7.29e-08
Both	KK/HlJ_M	PAM_0000141x754	8.0	0.63	1.56e-11	7.29e-08
Strain	C57BLKS/J	MPATH:789	8.0	0.33	1.66e-11	7.78e-08
Strain	FVB/NJ	MA:0000276	28.0	8.91	1.72e-11	8.02e-08
Strain	129S1/SvImJ	PAM_0001613x68	20.0	2.22	1.72e-11	8.05e-08
Strain	WSB/EiJ	PAM_0000411x14	48.0	21.31	1.76e-11	8.24e-08
Both	BTBR T<+> tf/J_M	PAM_0001551x474	12.0	0.68	1.88e-11	8.78e-08
Strain	MRL/MpJ	MA:0002499	10.0	0.64	1.92e-11	8.96e-08
Strain	MRL/MpJ	PAM_0002499x214	10.0	0.64	1.92e-11	8.96e-08
Both	KK/HlJ_M	PAM_0000402x614	6.0	0.14	2.00e-11	9.36e-08
Strain	C57BR/cdJ	PAM_0000368x214	8.0	1.81	2.08e-11	9.71e-08
Strain	WSB/EiJ	MA:0000411	48.0	22.02	2.18e-11	1.02e-07
Both	WSB/EiJ_M	MPATH:14	48.0	16.25	2.19e-11	1.02e-07
Both	BUB/BnJ_F	PAM_0000129x214	16.0	1.90	2.34e-11	1.09e-07
Strain	KK/HlJ	PAM_0000164x555	16.0	1.14	2.38e-11	1.11e-07
Strain	KK/HlJ	MA:0001296	12.0	1.30	2.38e-11	1.11e-07
Strain	SJL/J	MA:0001586	12.0	1.53	2.38e-11	1.11e-07
Both	NOD.B10Sn-H2<b>/J_F	PAM_0000124x214	36.0	9.92	2.40e-11	1.12e-07
Both	PWD/PhJ_M	PAM_0000346x181	18.0	0.95	2.47e-11	1.15e-07
Both	C57L/J_F	MPATH:736	30.0	5.97	2.50e-11	1.17e-07
Strain	C3H/HeJ	MA:0000116	70.0	30.55	2.51e-11	1.17e-07
Strain	KK/HlJ	MA:0002784	22.0	3.95	2.53e-11	1.18e-07
Both	C57L/J_M	PAM_0000253x213	14.0	4.79	2.71e-11	1.27e-07
Strain	KK/HlJ	MA:0000389	50.0	27.83	2.79e-11	1.30e-07
Both	SJL/J_F	MPATH:530	8.0	0.33	2.89e-11	1.35e-07
Strain	BALB/cByJ	PAM_0000093x555	12.0	0.92	2.95e-11	1.38e-07
Both	SJL/J_M	MA:0000276	16.0	0.96	3.10e-11	1.45e-07
Both	C57L/J_M	PAM_0000158x554	6.0	0.10	3.40e-11	1.59e-07
Both	C3H/HeJ_F	PAM_0000253x213	30.0	6.43	3.44e-11	1.61e-07
Both	C57L/J_F	PAM_0000120x214	16.0	3.26	3.52e-11	1.64e-07
Both	P/J_F	MA:0000002	14.0	1.66	3.61e-11	1.68e-07
Both	P/J_F	PAM_0000002x554	14.0	1.66	3.61e-11	1.68e-07
Both	MRL/MpJ_F	MPATH:738	44.0	16.95	3.75e-11	1.75e-07
Strain	A/J	MPATH:811	34.0	10.51	3.82e-11	1.79e-07
Both	BTBR T<+> tf/J_M	MA:0001551	12.0	1.09	3.97e-11	1.85e-07
Strain	C57BL/6J	MPATH:34	42.0	13.55	3.97e-11	1.85e-07
Both	C57L/J_F	MPATH:43	28.0	6.76	4.00e-11	1.87e-07
Strain	C3H/HeJ	MA:0000276	34.0	11.16	4.11e-11	1.92e-07
Both	BALB/cByJ_M	MA:0000093	10.0	0.56	4.15e-11	1.94e-07
Both	SJL/J_M	MPATH:737	10.0	0.40	4.18e-11	1.95e-07
Both	SJL/J_M	PAM_0000276x737	10.0	0.40	4.18e-11	1.95e-07
Both	PWD/PhJ_F	MA:0000129	54.0	22.44	4.49e-11	2.10e-07
Strain	RIIIS/J	MPATH:268	10.0	0.63	4.58e-11	2.14e-07
Both	RIIIS/J_M	PAM_0000356x633	26.0	2.06	5.00e-11	2.34e-07
Strain	DBA/2J	PAM_0000273x613	8.0	0.46	5.06e-11	2.36e-07
Strain	C57L/J	MA:0000394	12.0	0.89	5.11e-11	2.39e-07
Both	SJL/J_F	PAM_0002206x214	6.0	0.11	5.36e-11	2.50e-07
Both	C57L/J_M	MPATH:141	8.0	0.39	5.43e-11	2.54e-07
Both	A/J_F	MPATH:14	72.0	34.60	5.49e-11	2.57e-07
Both	LP/J_F	MPATH:738	34.0	11.36	5.55e-11	2.59e-07
Strain	SJL/J	MPATH:737	28.0	2.13	5.64e-11	2.64e-07
Strain	SJL/J	PAM_0000276x737	28.0	2.13	5.64e-11	2.64e-07
Both	SJL/J_F	MPATH:737	18.0	1.73	5.64e-11	2.64e-07
Both	SJL/J_F	PAM_0000276x737	18.0	1.73	5.64e-11	2.64e-07
Strain	CBA/J	MPATH:353	26.0	4.47	5.92e-11	2.76e-07
Strain	CBA/J	PAM_0000358x353	26.0	4.47	5.92e-11	2.76e-07
Strain	WSB/EiJ	PAM_0000110x195	14.0	1.48	6.07e-11	2.83e-07
Strain	FVB/NJ	MPATH:43	36.0	14.23	6.32e-11	2.95e-07
Both	AKR/J_F	PAM_0000350x213	6.0	0.11	6.44e-11	3.01e-07
Both	C57BR/cdJ_F	MA:0000338	14.0	2.00	6.84e-11	3.19e-07
Both	C3H/HeJ_M	PAM_0000253x213	22.0	5.15	7.11e-11	3.32e-07
Both	P/J_F	MPATH:696	24.0	6.10	7.14e-11	3.34e-07
Both	P/J_F	PAM_0000116x696	24.0	6.10	7.14e-11	3.34e-07
Strain	NOD.B10Sn-H2<b>/J	PAM_0001585x214	22.0	5.04	7.26e-11	3.39e-07
Both	129S1/SvImJ_M	PAM_0001613x270	22.0	2.10	7.27e-11	3.39e-07
Both	AKR/J_M	MA:0002434	18.0	1.75	7.31e-11	3.42e-07
Sex	M	MA:0000110	468.0	378.01	7.33e-11	3.42e-07
Both	C57BL/10J_F	MA:0000339	10.0	1.27	7.34e-11	3.43e-07
Sex	M	MA:0001247	538.0	516.25	7.42e-11	3.46e-07
Both	DBA/2J_F	PAM_0002938x614	6.0	0.11	7.49e-11	3.50e-07
Strain	KK/HlJ	MA:0000755	10.0	0.67	7.51e-11	3.51e-07
Strain	KK/HlJ	PAM_0000755x134	10.0	0.67	7.51e-11	3.51e-07
Both	129S1/SvImJ_F	PAM_0001459x590	30.0	7.94	7.52e-11	3.51e-07
Strain	C57BR/cdJ	PAM_0000273x751	8.0	0.32	7.86e-11	3.67e-07
Strain	C57BL/10J	MPATH:43	42.0	15.85	7.94e-11	3.71e-07
Both	SJL/J_F	MA:0001324	26.0	4.09	7.95e-11	3.72e-07
Both	SJL/J_F	PAM_0001324x644	26.0	3.93	7.95e-11	3.72e-07
Both	NOD.B10Sn-H2<b>/J_F	MPATH:626	8.0	0.13	8.18e-11	3.82e-07
Both	NOD.B10Sn-H2<b>/J_M	MA:0000124	32.0	9.76	8.33e-11	3.89e-07
Strain	AKR/J	MA:0001038	6.0	3.73	8.55e-11	3.99e-07
Strain	AKR/J	PAM_0001038x554	6.0	3.73	8.55e-11	3.99e-07
Both	MRL/MpJ_M	MPATH:214	50.0	33.61	8.64e-11	4.04e-07
Strain	C57BL/6J	PAM_0000349x667	38.0	15.44	9.58e-11	4.48e-07
Both	DBA/2J_M	PAM_0002466x579	6.0	0.11	9.66e-11	4.51e-07
Sex	F	MPATH:594	168.0	143.37	1.00e-10	4.69e-07
Both	A/J_F	PAM_0000072x181	18.0	1.64	1.09e-10	5.10e-07
Sex	F	MA:0000141	250.0	195.38	1.11e-10	5.20e-07
Both	129S1/SvImJ_F	MPATH:590	30.0	8.09	1.18e-10	5.50e-07
Strain	P/J	PAM_0001613x491	6.0	0.12	1.21e-10	5.67e-07
Both	129S1/SvImJ_M	PAM_0001247x613	38.0	12.93	1.23e-10	5.76e-07
Strain	CBA/J	MPATH:608	20.0	6.26	1.25e-10	5.85e-07
Strain	NZO/H1LtJ	MPATH:591	40.0	13.43	1.31e-10	6.11e-07
Both	SWR/J_F	MA:0000154	12.0	1.51	1.39e-10	6.50e-07
Both	C57BL/10J_F	MPATH:635	20.0	2.41	1.40e-10	6.55e-07
Both	C57BL/10J_F	PAM_0000368x635	20.0	2.41	1.40e-10	6.55e-07
Both	C57L/J_M	MA:0000910	10.0	0.59	1.43e-10	6.70e-07
Both	C57L/J_M	PAM_0000910x215	10.0	0.59	1.43e-10	6.70e-07
Strain	LP/J	PAM_0000347x662	16.0	2.18	1.44e-10	6.73e-07
Both	LP/J_M	PAM_0000347x662	14.0	1.49	1.44e-10	6.73e-07
Strain	WSB/EiJ	PAM_0001459x590	34.0	9.64	1.45e-10	6.78e-07
Both	LP/J_M	MA:0000253	40.0	13.63	1.47e-10	6.87e-07
Both	C57BLKS/J_F	PAM_0000380x214	14.0	1.66	1.48e-10	6.91e-07
Strain	PWD/PhJ	MA:0001586	8.0	1.63	1.51e-10	7.07e-07
Strain	PWD/PhJ	PAM_0001586x474	8.0	0.35	1.51e-10	7.07e-07
Both	NON/ShiLtJ_F	MPATH:647	62.0	30.23	1.61e-10	7.50e-07
Both	NON/ShiLtJ_F	PAM_0000368x647	62.0	30.23	1.61e-10	7.50e-07
Both	C57BL/6J_F	MPATH:493	16.0	2.31	1.63e-10	7.61e-07
Both	C57BL/6J_F	PAM_0000368x493	16.0	2.31	1.63e-10	7.61e-07
Strain	KK/HlJ	MA:0000253	48.0	18.96	1.64e-10	7.66e-07
Strain	C57BL/6J	MA:0000349	52.0	18.90	1.64e-10	7.68e-07
Both	SJL/J_M	MPATH:14	32.0	10.60	1.69e-10	7.91e-07
Both	129S1/SvImJ_M	MPATH:613	38.0	13.45	1.72e-10	8.03e-07
Strain	LP/J	PAM_0002477x181	24.0	5.40	1.72e-10	8.05e-07
Both	RIIIS/J_F	MPATH:637	14.0	1.57	1.80e-10	8.42e-07
Both	C57BL/10J_F	MPATH:147	6.0	0.19	2.10e-10	9.80e-07
Both	C57BL/10J_F	PAM_0000358x147	6.0	0.16	2.10e-10	9.80e-07
Strain	129S1/SvImJ	MA:0000422	12.0	1.43	2.29e-10	1.07e-06
Strain	BTBR T<+> tf/J	PAM_0000411x776	6.0	0.42	2.29e-10	1.07e-06
Strain	WSB/EiJ	MPATH:590	34.0	9.82	2.33e-10	1.09e-06
Both	KK/HlJ_F	MA:0000061	16.0	2.68	2.34e-10	1.09e-06
Strain	MRL/MpJ	PAM_0000127x214	24.0	5.32	2.40e-10	1.12e-06
Both	C57BL/6J_F	PAM_0001876x181	16.0	4.80	2.46e-10	1.15e-06
Strain	C57L/J	PAM_0000349x667	34.0	13.09	2.47e-10	1.15e-06
Strain	CBA/J	PAM_0000276x14	24.0	7.97	2.51e-10	1.17e-06
Strain	NOD.B10Sn-H2<b>/J	MA:0001585	22.0	5.28	2.60e-10	1.22e-06
Both	C57L/J_M	MA:0000179	10.0	0.63	2.62e-10	1.22e-06
Both	C57L/J_M	PAM_0000179x555	10.0	0.63	2.62e-10	1.22e-06
Both	C3H/HeJ_F	MA:0000253	32.0	10.89	2.68e-10	1.25e-06
Strain	P/J	MPATH:696	34.0	10.59	2.73e-10	1.28e-06
Strain	P/J	PAM_0000116x696	34.0	10.59	2.73e-10	1.28e-06
Both	C57BR/cdJ_F	PAM_0000253x555	22.0	3.72	2.84e-10	1.33e-06
Both	SWR/J_F	PAM_0000276x14	10.0	0.76	2.87e-10	1.34e-06
Strain	MRL/MpJ	MPATH:859	12.0	1.18	2.94e-10	1.37e-06
Both	129S1/SvImJ_M	MPATH:68	20.0	2.20	2.95e-10	1.38e-06
Strain	SJL/J	PAM_0000134x181	8.0	0.57	3.01e-10	1.41e-06
Strain	NOD.B10Sn-H2<b>/J	PAM_0001657x474	8.0	0.43	3.02e-10	1.41e-06
Both	PWD/PhJ_M	PAM_0000129x134	8.0	0.34	3.09e-10	1.45e-06
Both	MRL/MpJ_F	MA:0001247	54.0	29.56	3.18e-10	1.48e-06
Both	SJL/J_F	MA:0001586	10.0	1.09	3.19e-10	1.49e-06
Both	KK/HlJ_M	MPATH:181	38.0	15.74	3.20e-10	1.49e-06
Both	NOD.B10Sn-H2<b>/J_M	PAM_0001247x613	26.0	5.82	3.22e-10	1.50e-06
Strain	SJL/J	PAM_0001586x214	10.0	0.64	3.28e-10	1.53e-06
Strain	LP/J	MPATH:662	16.0	2.51	3.50e-10	1.63e-06
Both	LP/J_M	MPATH:662	14.0	1.69	3.50e-10	1.63e-06
Strain	C3H/HeJ	MPATH:213	64.0	34.55	3.68e-10	1.72e-06
Both	C57BL/6J_F	PAM_0000368x555	8.0	0.44	3.69e-10	1.72e-06
Both	KK/HlJ_F	MA:0001888	6.0	0.13	3.95e-10	1.85e-06
Strain	KK/HlJ	MPATH:820	10.0	0.70	4.01e-10	1.87e-06
Strain	KK/HlJ	PAM_0000129x820	10.0	0.70	4.01e-10	1.87e-06
Both	NOD.B10Sn-H2<b>/J_M	MPATH:613	26.0	5.94	4.02e-10	1.88e-06
Strain	DBA/2J	MA:0000273	14.0	1.32	4.08e-10	1.91e-06
Strain	C57L/J	MA:0000349	34.0	14.88	4.11e-10	1.92e-06
Strain	A/J	MA:0000072	26.0	4.49	4.13e-10	1.93e-06
Both	129S1/SvImJ_F	PAM_0001613x644	14.0	1.72	4.25e-10	1.98e-06
Both	SJL/J_F	MA:0000134	8.0	1.10	4.54e-10	2.12e-06
Both	RIIIS/J_F	MPATH:738	40.0	13.79	4.62e-10	2.16e-06
Strain	A/J	PAM_0000072x181	24.0	2.84	4.66e-10	2.18e-06
Strain	BUB/BnJ	PAM_0000046x683	8.0	0.49	4.74e-10	2.21e-06
Strain	SJL/J	PAM_0002206x214	6.0	0.15	4.74e-10	2.21e-06
Both	129S1/SvImJ_M	MPATH:847	6.0	0.15	4.74e-10	2.21e-06
Strain	129S1/SvImJ	PAM_0000253x181	24.0	3.98	4.82e-10	2.25e-06
Strain	C3H/HeJ	MPATH:736	38.0	11.15	4.82e-10	2.25e-06
Strain	C3H/HeJ	PAM_0000384x736	38.0	11.11	4.82e-10	2.25e-06
Strain	129S1/SvImJ	MA:0000163	34.0	10.97	4.88e-10	2.28e-06
Strain	CBA/J	MA:0000276	26.0	11.61	4.89e-10	2.28e-06
Both	NOD.B10Sn-H2<b>/J_M	PAM_0001247x474	24.0	5.72	5.01e-10	2.34e-06
Strain	129S1/SvImJ	MPATH:68	26.0	4.56	5.06e-10	2.37e-06
Both	MRL/MpJ_F	MA:0000356	30.0	6.58	5.19e-10	2.42e-06
Both	KK/HlJ_F	PAM_0000368x492	44.0	25.47	5.28e-10	2.47e-06
Both	SWR/J_F	MA:0000276	12.0	1.56	5.54e-10	2.59e-06
Strain	129S1/SvImJ	MA:0001613	42.0	13.15	5.60e-10	2.62e-06
Strain	SJL/J	MPATH:530	10.0	0.46	5.61e-10	2.62e-06
Both	LP/J_M	MPATH:647	50.0	25.61	5.80e-10	2.71e-06
Both	LP/J_M	PAM_0000368x647	50.0	25.61	5.80e-10	2.71e-06
Both	KK/HlJ_F	MPATH:492	44.0	25.53	5.89e-10	2.75e-06
Both	KK/HlJ_M	PAM_0000736x62	10.0	0.21	6.48e-10	3.03e-06
Strain	SM/J	PAM_0000368x492	88.0	46.22	6.88e-10	3.22e-06
Strain	BUB/BnJ	PAM_0000129x214	20.0	2.74	6.90e-10	3.22e-06
Both	C57BL/6J_F	MA:0000285	16.0	2.57	6.93e-10	3.24e-06
Both	C57BL/6J_F	PAM_0000285x34	16.0	2.52	6.93e-10	3.24e-06
Both	C57BL/6J_F	PAM_0000368x62	10.0	0.90	6.97e-10	3.26e-06
Sex	F	PAM_0000129x594	162.0	140.13	7.14e-10	3.34e-06
Both	NOD.B10Sn-H2<b>/J_F	PAM_0000110x800	12.0	2.09	7.17e-10	3.35e-06
Both	RIIIS/J_F	PAM_0001247x613	42.0	12.08	7.67e-10	3.58e-06
Both	C57L/J_M	PAM_0000253x215	10.0	1.03	7.76e-10	3.62e-06
Strain	SM/J	MPATH:492	88.0	46.33	8.03e-10	3.75e-06
Strain	C57BR/cdJ	MPATH:751	8.0	0.38	8.23e-10	3.85e-06
Both	NON/ShiLtJ_F	PAM_0000145x214	8.0	0.38	8.23e-10	3.85e-06
Both	C57BL/10J_F	PAM_0000339x34	8.0	0.95	8.33e-10	3.89e-06
Strain	RIIIS/J	PAM_0000356x633	30.0	4.29	8.56e-10	4.00e-06
Strain	KK/HlJ	MA:0000164	26.0	3.54	8.67e-10	4.05e-06
Both	RIIIS/J_F	MPATH:613	42.0	12.56	8.86e-10	4.14e-06
Strain	LP/J	MA:0000350	100.0	61.68	9.12e-10	4.26e-06
Both	DBA/2J_F	MPATH:181	38.0	13.99	9.19e-10	4.30e-06
Both	C57L/J_M	MA:0000158	6.0	0.13	9.31e-10	4.35e-06
Both	C57L/J_M	PAM_0000158x44	6.0	0.13	9.31e-10	4.35e-06
Sex	F	MPATH:834	54.0	29.18	9.47e-10	4.43e-06
Both	PWD/PhJ_M	PAM_0000129x762	28.0	10.07	9.48e-10	4.43e-06
Strain	C57BL/10J	MPATH:493	22.0	3.91	1.03e-09	4.82e-06
Strain	C57BL/10J	PAM_0000368x493	22.0	3.91	1.03e-09	4.82e-06
Both	NOD.B10Sn-H2<b>/J_F	MPATH:800	12.0	2.12	1.07e-09	4.98e-06
Strain	DBA/2J	PAM_0000347x555	12.0	0.50	1.08e-09	5.07e-06
Strain	DBA/2J	PAM_0002938x614	6.0	0.17	1.08e-09	5.07e-06
Strain	NOD.B10Sn-H2<b>/J	MPATH:626	8.0	0.20	1.11e-09	5.18e-06
Strain	NOD.B10Sn-H2<b>/J	PAM_0002535x34	6.0	0.17	1.11e-09	5.18e-06
Strain	NOD.B10Sn-H2<b>/J	PAM_0000389x626	8.0	0.19	1.11e-09	5.18e-06
Strain	129S1/SvImJ	MPATH:642	36.0	9.49	1.12e-09	5.24e-06
Both	KK/HlJ_F	MA:0000164	16.0	2.08	1.12e-09	5.24e-06
Both	PWD/PhJ_M	MPATH:762	28.0	10.22	1.17e-09	5.45e-06
Sex	M	PAM_0000118x270	82.0	47.18	1.17e-09	5.48e-06
Strain	RIIIS/J	MPATH:633	32.0	4.52	1.19e-09	5.56e-06
Strain	BUB/BnJ	MPATH:47	62.0	41.16	1.19e-09	5.58e-06
Strain	BUB/BnJ	PAM_0000127x47	62.0	41.16	1.19e-09	5.58e-06
Both	C57BLKS/J_F	PAM_0000349x667	28.0	7.82	1.22e-09	5.72e-06
Strain	C57L/J	PAM_0000403x214	38.0	10.19	1.30e-09	6.05e-06
Strain	C57BR/cdJ	MA:0000179	12.0	1.21	1.30e-09	6.06e-06
Strain	C57BR/cdJ	PAM_0000179x555	12.0	1.21	1.30e-09	6.06e-06
Strain	C57BR/cdJ	MA:0000176	12.0	1.42	1.30e-09	6.06e-06
Strain	C57BR/cdJ	PAM_0000176x270	12.0	1.28	1.30e-09	6.06e-06
Strain	C57L/J	MA:0002417	60.0	23.05	1.33e-09	6.23e-06
Strain	A/J	MA:0000415	72.0	35.90	1.34e-09	6.27e-06
Both	C57L/J_M	MPATH:647	48.0	19.98	1.38e-09	6.43e-06
Both	C57L/J_M	PAM_0000368x647	48.0	19.98	1.38e-09	6.43e-06
Both	SM/J_F	PAM_0000368x492	46.0	23.06	1.39e-09	6.47e-06
Both	C57BL/6J_F	MPATH:34	22.0	6.63	1.42e-09	6.66e-06
Both	SJL/J_F	MA:0002206	6.0	0.14	1.46e-09	6.84e-06
Strain	SM/J	PAM_0000046x683	6.0	0.55	1.49e-09	6.98e-06
Both	SM/J_M	PAM_0000046x683	6.0	0.35	1.49e-09	6.98e-06
Both	C57BR/cdJ_F	PAM_0000338x214	8.0	0.36	1.51e-09	7.06e-06
Strain	WSB/EiJ	MA:0001459	36.0	11.83	1.53e-09	7.13e-06
Strain	PL/J	MPATH:842	8.0	0.21	1.54e-09	7.18e-06
Strain	PL/J	PAM_0001420x842	8.0	0.21	1.54e-09	7.18e-06
Strain	C57L/J	MA:0000910	12.0	1.23	1.55e-09	7.24e-06
Strain	C57L/J	PAM_0000910x215	12.0	1.23	1.55e-09	7.24e-06
Both	SM/J_F	MPATH:492	46.0	23.12	1.55e-09	7.24e-06
Both	BTBR T<+> tf/J_F	MPATH:738	34.0	9.96	1.61e-09	7.50e-06
Strain	DBA/2J	MA:0000164	22.0	3.91	1.65e-09	7.69e-06
Strain	LP/J	MA:0002477	24.0	6.16	1.71e-09	7.97e-06
Both	C57BLKS/J_F	MA:0000349	34.0	9.84	1.75e-09	8.17e-06
Both	C57BL/10J_F	MPATH:666	20.0	6.63	1.77e-09	8.27e-06
Both	C57BLKS/J_F	MA:0000380	14.0	2.45	1.82e-09	8.52e-06
Both	NON/ShiLtJ_F	MA:0002587	10.0	0.98	1.86e-09	8.69e-06
Strain	BUB/BnJ	PAM_0001247x613	32.0	11.24	1.90e-09	8.87e-06
Sex	F	MA:0000176	42.0	25.08	1.93e-09	9.03e-06
Sex	F	PAM_0000176x270	40.0	22.99	1.93e-09	9.03e-06
Both	P/J_F	MA:0000116	24.0	7.16	1.96e-09	9.16e-06
Both	MRL/MpJ_F	PAM_0001247x474	32.0	12.46	1.98e-09	9.27e-06
Strain	C57L/J	PAM_0000253x141	8.0	0.48	2.13e-09	9.96e-06
Both	KK/HlJ_M	PAM_0000415x555	12.0	0.68	2.14e-09	9.99e-06
Strain	KK/HlJ	MPATH:614	16.0	4.56	2.25e-09	1.05e-05
Strain	MRL/MpJ	MPATH:762	54.0	25.20	2.26e-09	1.06e-05
Strain	BUB/BnJ	MA:0000046	12.0	1.10	2.32e-09	1.08e-05
Strain	BUB/BnJ	MPATH:613	32.0	11.51	2.36e-09	1.10e-05
Both	DBA/2J_M	MA:0000273	8.0	0.77	2.42e-09	1.13e-05
Strain	C3H/HeJ	MPATH:270	48.0	16.77	2.43e-09	1.14e-05
Both	129S1/SvImJ_F	MA:0000813	6.0	0.20	2.44e-09	1.14e-05
Both	129S1/SvImJ_F	PAM_0000813x214	6.0	0.20	2.44e-09	1.14e-05
Strain	PL/J	MA:0000350	40.0	22.31	2.49e-09	1.16e-05
Strain	CBA/J	PAM_0000403x608	18.0	4.98	2.60e-09	1.22e-05
Strain	C57BL/6J	PAM_0001876x127	8.0	2.80	2.63e-09	1.23e-05
Strain	C57BL/10J	MA:0000350	94.0	56.86	2.67e-09	1.25e-05
Strain	NOD.B10Sn-H2<b>/J	PAM_0001247x474	40.0	12.69	2.72e-09	1.27e-05
Both	C57BR/cdJ_M	MPATH:555	24.0	11.70	2.73e-09	1.28e-05
Strain	129S1/SvImJ	PAM_0002417x591	44.0	17.77	2.74e-09	1.28e-05
Both	129S1/SvImJ_M	PAM_0002417x591	26.0	9.50	2.74e-09	1.28e-05
Both	C3H/HeJ_M	MPATH:696	36.0	13.92	2.84e-09	1.33e-05
Both	C3H/HeJ_M	PAM_0000116x696	36.0	13.92	2.84e-09	1.33e-05
Strain	PWD/PhJ	MA:0000233	6.0	0.20	2.93e-09	1.37e-05
Strain	PWD/PhJ	PAM_0000233x44	6.0	0.20	2.93e-09	1.37e-05
Strain	BUB/BnJ	PAM_0001247x474	32.0	10.99	2.93e-09	1.37e-05
Strain	C57BL/10J	MA:0000196	12.0	1.28	3.00e-09	1.40e-05
Strain	C57BL/10J	PAM_0000196x639	12.0	1.28	3.00e-09	1.40e-05
Both	C57BL/10J_F	MPATH:696	40.0	15.00	3.01e-09	1.41e-05
Both	C57BL/10J_F	PAM_0000116x696	40.0	15.00	3.01e-09	1.41e-05
Strain	PWD/PhJ	MPATH:47	88.0	61.96	3.04e-09	1.42e-05
Strain	PWD/PhJ	PAM_0000127x47	88.0	61.96	3.04e-09	1.42e-05
Both	BALB/cByJ_M	MPATH:14	44.0	15.68	3.11e-09	1.45e-05
Both	CBA/J_M	MPATH:14	42.0	23.22	3.11e-09	1.45e-05
Strain	129S1/SvImJ	MPATH:608	30.0	7.95	3.16e-09	1.48e-05
Both	SM/J_F	MPATH:337	8.0	0.44	3.17e-09	1.48e-05
Both	SM/J_F	PAM_0000141x337	8.0	0.44	3.17e-09	1.48e-05
Both	A/J_M	PAM_0000402x213	8.0	0.74	3.22e-09	1.50e-05
Both	NZO/H1LtJ_F	MPATH:736	20.0	3.66	3.26e-09	1.52e-05
Strain	DBA/2J	PAM_0002466x579	6.0	0.22	3.30e-09	1.54e-05
Strain	BALB/cByJ	MPATH:41	16.0	2.41	3.39e-09	1.59e-05
Both	BALB/cByJ_M	PAM_0000093x555	8.0	0.40	3.40e-09	1.59e-05
Both	C57BR/cdJ_M	PAM_0000368x214	6.0	1.02	3.49e-09	1.63e-05
Strain	NON/ShiLtJ	MPATH:47	92.0	60.36	3.53e-09	1.65e-05
Strain	NON/ShiLtJ	PAM_0000127x47	92.0	60.36	3.53e-09	1.65e-05
Strain	C57L/J	PAM_0000158x554	6.0	0.20	3.65e-09	1.71e-05
Both	PWD/PhJ_M	MA:0000358	30.0	10.15	3.67e-09	1.71e-05
Strain	P/J	MA:0001613	18.0	4.17	3.81e-09	1.78e-05
Strain	SM/J	MPATH:683	6.0	1.57	3.95e-09	1.85e-05
Both	SM/J_M	MPATH:683	6.0	0.87	3.95e-09	1.85e-05
Both	DBA/2J_F	PAM_0000377x474	8.0	1.72	4.00e-09	1.87e-05
Both	C57BL/6J_F	MA:0000339	12.0	1.52	4.16e-09	1.95e-05
Sex	M	MPATH:353	94.0	54.33	4.20e-09	1.96e-05
Sex	M	PAM_0000358x353	94.0	54.33	4.20e-09	1.96e-05
Both	C57BL/6J_F	MPATH:696	44.0	17.93	4.25e-09	1.99e-05
Both	C57BL/6J_F	PAM_0000116x696	44.0	17.93	4.25e-09	1.99e-05
Both	KK/HlJ_M	MPATH:492	48.0	18.46	4.25e-09	1.99e-05
Both	KK/HlJ_M	PAM_0000368x492	48.0	18.45	4.25e-09	1.99e-05
Both	A/J_F	MPATH:181	46.0	28.62	4.26e-09	1.99e-05
Strain	KK/HlJ	PAM_0000736x62	12.0	0.60	4.43e-09	2.07e-05
Strain	WSB/EiJ	PAM_0000128x134	8.0	0.47	4.43e-09	2.07e-05
Both	SWR/J_M	MPATH:45	12.0	1.52	5.05e-09	2.36e-05
Strain	P/J	MPATH:491	12.0	1.90	5.15e-09	2.41e-05
Strain	MRL/MpJ	MPATH:696	75.0	38.16	5.19e-09	2.42e-05
Strain	MRL/MpJ	PAM_0000116x696	75.0	38.16	5.19e-09	2.42e-05
Strain	BTBR T<+> tf/J	PAM_0000129x214	20.0	3.68	5.20e-09	2.43e-05
Both	MRL/MpJ_F	PAM_0000356x633	22.0	3.00	5.22e-09	2.44e-05
Both	LP/J_M	MPATH:14	50.0	26.66	5.23e-09	2.44e-05
Both	NOD.B10Sn-H2<b>/J_M	MA:0002535	6.0	0.27	5.50e-09	2.57e-05
Both	BALB/cByJ_F	PAM_0000141x41	10.0	0.97	5.90e-09	2.76e-05
Sex	M	MA:0000349	268.0	202.69	5.93e-09	2.77e-05
Strain	129S1/SvImJ	MA:0000253	72.0	28.44	5.93e-09	2.77e-05
Both	129S1/SvImJ_M	MA:0000253	50.0	15.73	5.93e-09	2.77e-05
Both	NZO/H1LtJ_F	MPATH:635	6.0	1.35	5.97e-09	2.79e-05
Both	NZO/H1LtJ_F	PAM_0000368x635	6.0	1.35	5.97e-09	2.79e-05
Sex	F	PAM_0000145x624	38.0	21.84	5.98e-09	2.80e-05
Both	BUB/BnJ_M	PAM_0000046x683	6.0	0.21	6.03e-09	2.82e-05
Both	C57BR/cdJ_F	PAM_0001247x134	14.0	2.33	6.20e-09	2.90e-05
Both	C57BL/10J_F	MPATH:34	16.0	5.19	6.31e-09	2.95e-05
Both	C57L/J_F	MA:0000120	16.0	4.70	6.40e-09	2.99e-05
Strain	BALB/cByJ	PAM_0000347x491	10.0	1.12	6.55e-09	3.06e-05
Both	129S1/SvImJ_M	PAM_0000253x213	32.0	8.48	6.56e-09	3.06e-05
Both	PWD/PhJ_F	PAM_0000346x181	12.0	1.08	6.58e-09	3.07e-05
Strain	AKR/J	PAM_0000350x213	6.0	0.21	6.62e-09	3.09e-05
Strain	C57BL/10J	PAM_0000116x43	24.0	4.47	6.66e-09	3.11e-05
Strain	C57BL/10J	PAM_0001876x181	34.0	8.55	6.88e-09	3.21e-05
Both	KK/HlJ_M	MPATH:614	8.0	2.54	7.22e-09	3.37e-05
Both	BTBR T<+> tf/J_F	PAM_0000129x214	14.0	2.10	7.34e-09	3.43e-05
Strain	DBA/2J	PAM_0000072x181	12.0	2.26	7.51e-09	3.51e-05
Strain	NOD.B10Sn-H2<b>/J	PAM_0001247x613	46.0	13.44	7.57e-09	3.54e-05
Both	C57BR/cdJ_F	MPATH:492	42.0	20.77	7.80e-09	3.64e-05
Both	C57BR/cdJ_F	PAM_0000368x492	42.0	20.74	7.80e-09	3.64e-05
Strain	MRL/MpJ	PAM_0000368x492	96.0	52.79	7.95e-09	3.71e-05
Strain	KK/HlJ	MA:0002583	8.0	0.35	8.20e-09	3.83e-05
Strain	KK/HlJ	PAM_0002583x555	8.0	0.35	8.20e-09	3.83e-05
Strain	C3H/HeJ	MA:0000441	14.0	2.81	8.44e-09	3.94e-05
Strain	129S1/SvImJ	MPATH:280	22.0	5.44	8.75e-09	4.09e-05
Strain	129S1/SvImJ	PAM_0001247x280	22.0	5.44	8.75e-09	4.09e-05
Strain	MRL/MpJ	MPATH:492	96.0	52.90	9.16e-09	4.28e-05
Strain	C57BLKS/J	MA:0000287	12.0	3.45	9.59e-09	4.48e-05
Strain	C57BLKS/J	PAM_0000287x34	10.0	2.65	9.59e-09	4.48e-05
Both	C3H/HeJ_F	MPATH:697	14.0	0.74	9.62e-09	4.50e-05
Both	PL/J_M	MA:0000349	14.0	2.18	9.70e-09	4.53e-05
Sex	F	MPATH:803	62.0	37.23	9.82e-09	4.59e-05
Both	SWR/J_M	MA:0000415	30.0	8.58	9.82e-09	4.59e-05
Strain	NOD.B10Sn-H2<b>/J	PAM_0000411x555	18.0	2.36	1.01e-08	4.73e-05
Strain	NOD.B10Sn-H2<b>/J	MPATH:613	46.0	13.71	1.04e-08	4.85e-05
Both	MRL/MpJ_F	PAM_0000129x762	34.0	15.81	1.06e-08	4.94e-05
Strain	SWR/J	PAM_0000402x213	6.0	0.79	1.06e-08	4.96e-05
Strain	SWR/J	PAM_0000346x34	8.0	0.30	1.06e-08	4.96e-05
Both	BTBR T<+> tf/J_M	MPATH:776	6.0	0.38	1.06e-08	4.96e-05
Both	SWR/J_M	PAM_0000402x213	6.0	0.43	1.06e-08	4.96e-05
Both	SWR/J_M	PAM_0000346x34	6.0	0.25	1.06e-08	4.96e-05
Both	C57BLKS/J_F	PAM_0000151x752	10.0	0.39	1.07e-08	5.01e-05
Strain	C57BL/10J	MPATH:666	32.0	14.41	1.08e-08	5.05e-05
Both	C57BR/cdJ_M	MA:0000273	10.0	0.66	1.11e-08	5.20e-05
Sex	M	PAM_0000368x124	110.0	88.19	1.20e-08	5.59e-05
Strain	DBA/2J	MPATH:725	30.0	10.59	1.20e-08	5.60e-05
Strain	DBA/2J	PAM_0000368x725	30.0	10.59	1.20e-08	5.60e-05
Strain	SJL/J	MA:0000134	10.0	1.53	1.23e-08	5.75e-05
Both	MRL/MpJ_F	MPATH:762	34.0	15.94	1.25e-08	5.83e-05
Strain	WSB/EiJ	MPATH:195	14.0	2.35	1.27e-08	5.92e-05
Strain	SJL/J	MA:0002206	6.0	0.20	1.28e-08	5.97e-05
Both	BTBR T<+> tf/J_F	MPATH:736	22.0	5.73	1.28e-08	5.98e-05
Both	AKR/J_F	MA:0002434	14.0	1.29	1.28e-08	5.99e-05
Strain	129S1/SvImJ	PAM_0000163x752	12.0	1.59	1.30e-08	6.09e-05
Both	SJL/J_F	PAM_0001586x214	8.0	0.46	1.31e-08	6.10e-05
Sex	M	PAM_0000349x667	224.0	171.06	1.37e-08	6.41e-05
Strain	129S1/SvImJ	MPATH:591	50.0	29.17	1.41e-08	6.59e-05
Both	129S1/SvImJ_M	MPATH:591	28.0	16.05	1.41e-08	6.59e-05
Both	MRL/MpJ_F	MPATH:633	22.0	3.19	1.46e-08	6.83e-05
Strain	LP/J	MPATH:643	10.0	0.96	1.48e-08	6.90e-05
Strain	LP/J	PAM_0000253x643	10.0	0.96	1.48e-08	6.90e-05
Both	129S1/SvImJ_F	MA:0001459	30.0	9.87	1.54e-08	7.21e-05
Strain	P/J	MA:0000116	34.0	12.35	1.55e-08	7.22e-05
Both	NOD.B10Sn-H2<b>/J_F	PAM_0000129x214	14.0	1.89	1.64e-08	7.68e-05
Strain	C57BL/10J	MA:0000736	12.0	1.46	1.67e-08	7.78e-05
Strain	MRL/MpJ	PAM_0001247x474	58.0	20.00	1.78e-08	8.33e-05
Both	KK/HlJ_F	MPATH:213	50.0	19.17	1.82e-08	8.51e-05
Strain	A/J	PAM_0000389x66	6.0	0.42	1.85e-08	8.66e-05
Strain	NOD.B10Sn-H2<b>/J	PAM_0000346x214	56.0	21.27	1.85e-08	8.66e-05
Both	KK/HlJ_F	MPATH:644	32.0	9.64	1.88e-08	8.80e-05
Both	C57BL/6J_F	PAM_0000339x34	10.0	1.10	1.89e-08	8.82e-05
Both	C3H/HeJ_F	MA:0000441	8.0	1.76	1.90e-08	8.86e-05
Strain	NON/ShiLtJ	MPATH:474	126.0	99.36	1.91e-08	8.94e-05
Strain	RIIIS/J	MPATH:837	16.0	2.55	1.99e-08	9.28e-05
Strain	RIIIS/J	PAM_0000358x837	16.0	2.55	1.99e-08	9.28e-05
Both	DBA/2J_M	PAM_0000273x613	6.0	0.27	2.02e-08	9.46e-05
Both	LP/J_F	MPATH:643	8.0	0.52	2.09e-08	9.74e-05
Both	LP/J_F	PAM_0000253x643	8.0	0.52	2.09e-08	9.74e-05
Strain	BUB/BnJ	MPATH:683	10.0	1.01	2.11e-08	9.86e-05
Strain	C57L/J	MPATH:141	8.0	0.78	2.17e-08	1.02e-04
Strain	BUB/BnJ	MA:0001247	36.0	23.95	2.22e-08	1.04e-04
Both	C57BL/10J_F	PAM_0000736x516	5.0	0.10	2.23e-08	1.04e-04
Both	C57BL/10J_F	PAM_0000736x513	5.0	0.10	2.23e-08	1.04e-04
Strain	C57BL/10J	MPATH:147	6.0	0.40	2.25e-08	1.05e-04
Strain	C57BL/10J	PAM_0000358x147	6.0	0.34	2.25e-08	1.05e-04
Both	C57BR/cdJ_M	PAM_0000356x644	12.0	0.87	2.30e-08	1.08e-04
Strain	BALB/cByJ	MA:0000389	38.0	29.47	2.32e-08	1.08e-04
Both	129S1/SvImJ_F	MA:0001113	8.0	0.58	2.34e-08	1.09e-04
Strain	C57L/J	MPATH:214	102.0	70.32	2.36e-08	1.10e-04
Both	A/J_M	MPATH:428	10.0	1.06	2.37e-08	1.11e-04
Both	A/J_M	PAM_0000165x428	10.0	1.06	2.37e-08	1.11e-04
Both	P/J_M	MA:0001613	10.0	1.40	2.38e-08	1.11e-04
Strain	C57BR/cdJ	PAM_0000253x214	10.0	1.45	2.40e-08	1.12e-04
Both	DBA/2J_M	MPATH:725	18.0	4.25	2.40e-08	1.12e-04
Both	DBA/2J_M	PAM_0000368x725	18.0	4.25	2.40e-08	1.12e-04
Both	BUB/BnJ_M	MPATH:800	8.0	0.86	2.47e-08	1.15e-04
Both	BUB/BnJ_M	PAM_0000110x800	8.0	0.85	2.47e-08	1.15e-04
Both	KK/HlJ_M	MPATH:14	30.0	18.96	2.60e-08	1.22e-04
Both	NOD.B10Sn-H2<b>/J_M	MPATH:14	38.0	13.15	2.60e-08	1.22e-04
Strain	AKR/J	MPATH:516	16.0	1.63	2.63e-08	1.23e-04
Strain	AKR/J	PAM_0002434x516	16.0	1.41	2.63e-08	1.23e-04
Strain	AKR/J	PAM_0002434x513	16.0	1.41	2.63e-08	1.23e-04
Both	KK/HlJ_M	MPATH:213	36.0	15.72	2.64e-08	1.23e-04
Sex	F	MA:0000165	314.0	259.47	2.64e-08	1.23e-04
Sex	F	PAM_0001459x803	54.0	33.28	2.65e-08	1.24e-04
Both	C3H/HeJ_M	MA:0000116	36.0	15.84	2.68e-08	1.25e-04
Strain	C57BLKS/J	MA:0000700	14.0	3.95	2.72e-08	1.27e-04
Both	NZO/H1LtJ_F	MPATH:837	10.0	0.76	2.74e-08	1.28e-04
Both	NZO/H1LtJ_F	PAM_0000358x837	10.0	0.76	2.74e-08	1.28e-04
Both	C3H/HeJ_F	MA:0000276	22.0	6.82	2.75e-08	1.28e-04
Strain	KK/HlJ	MA:0002535	8.0	0.93	2.79e-08	1.30e-04
Both	C57BL/6J_F	MPATH:738	28.0	12.08	2.79e-08	1.31e-04
Both	BALB/cByJ_F	MA:0002434	18.0	8.87	2.92e-08	1.36e-04
Both	C57BL/6J_M	MA:0002412	6.0	0.20	2.94e-08	1.37e-04
Both	C57BL/6J_M	PAM_0002412x214	6.0	0.20	2.94e-08	1.37e-04
Both	FVB/NJ_M	MPATH:43	24.0	7.47	2.95e-08	1.38e-04
Both	DBA/2J_F	PAM_0000072x181	8.0	0.95	2.95e-08	1.38e-04
Strain	MRL/MpJ	PAM_0000129x762	52.0	24.98	2.96e-08	1.38e-04
Strain	C3H/HeJ	MA:0000129	68.0	38.06	3.01e-08	1.41e-04
Both	LP/J_F	MPATH:725	14.0	5.77	3.11e-08	1.45e-04
Both	LP/J_F	PAM_0000368x725	14.0	5.77	3.11e-08	1.45e-04
Both	129S1/SvImJ_F	MPATH:47	50.0	29.84	3.11e-08	1.45e-04
Both	129S1/SvImJ_F	PAM_0000127x47	50.0	29.84	3.11e-08	1.45e-04
Both	129S1/SvImJ_F	MPATH:738	36.0	13.29	3.17e-08	1.48e-04
Both	LP/J_F	MPATH:47	56.0	34.65	3.26e-08	1.52e-04
Both	LP/J_F	PAM_0000127x47	56.0	34.65	3.26e-08	1.52e-04
Strain	NON/ShiLtJ	MA:0000284	28.0	9.53	3.27e-08	1.53e-04
Strain	DBA/2J	MPATH:465	6.0	0.32	3.34e-08	1.56e-04
Strain	DBA/2J	PAM_0000261x465	6.0	0.32	3.34e-08	1.56e-04
Both	FVB/NJ_F	MPATH:754	6.0	0.53	3.39e-08	1.58e-04
Both	FVB/NJ_F	PAM_0000141x754	6.0	0.53	3.39e-08	1.58e-04
Both	BALB/cByJ_M	PAM_0000358x4	6.0	0.28	3.39e-08	1.58e-04
Both	C57BLKS/J_M	MA:0000287	10.0	1.82	3.42e-08	1.60e-04
Both	C57BLKS/J_M	PAM_0000287x34	8.0	1.36	3.42e-08	1.60e-04
Strain	KK/HlJ	MA:0000061	16.0	4.33	3.43e-08	1.60e-04
Strain	C57L/J	MA:0002898	14.0	2.25	3.52e-08	1.64e-04
Strain	C57L/J	PAM_0002898x640	14.0	2.25	3.52e-08	1.64e-04
Both	C57L/J_F	MA:0000368	60.0	40.76	3.52e-08	1.65e-04
Both	BUB/BnJ_M	MA:0000287	8.0	0.69	3.59e-08	1.68e-04
Both	BUB/BnJ_M	PAM_0000287x34	8.0	0.69	3.59e-08	1.68e-04
Strain	SM/J	PAM_0002900x181	14.0	1.58	3.59e-08	1.68e-04
Both	SM/J_M	PAM_0002900x181	8.0	0.81	3.59e-08	1.68e-04
Strain	129S1/SvImJ	MPATH:743	26.0	5.87	3.64e-08	1.70e-04
Strain	129S1/SvImJ	PAM_0000358x743	26.0	5.87	3.64e-08	1.70e-04
Both	129S1/SvImJ_M	MPATH:743	22.0	3.63	3.64e-08	1.70e-04
Both	129S1/SvImJ_M	PAM_0000358x743	22.0	3.63	3.64e-08	1.70e-04
Strain	C57BL/10J	MPATH:667	74.0	48.52	3.67e-08	1.71e-04
Both	BTBR T<+> tf/J_F	MPATH:493	12.0	2.02	3.67e-08	1.71e-04
Both	BTBR T<+> tf/J_F	PAM_0000368x493	12.0	2.02	3.67e-08	1.71e-04
Both	C57BL/10J_F	PAM_0000350x666	18.0	6.23	3.77e-08	1.76e-04
Sex	F	PAM_0000141x41	44.0	27.39	3.78e-08	1.77e-04
Both	C57L/J_M	MPATH:215	24.0	4.88	3.93e-08	1.84e-04
Both	C57BR/cdJ_F	MPATH:696	26.0	14.94	4.06e-08	1.90e-04
Both	C57BR/cdJ_F	PAM_0000116x696	26.0	14.94	4.06e-08	1.90e-04
Strain	C57BL/10J	MPATH:181	72.0	37.78	4.26e-08	1.99e-04
Strain	AKR/J	MPATH:513	16.0	1.67	4.38e-08	2.04e-04
Both	DBA/2J_M	MPATH:181	44.0	14.83	4.46e-08	2.09e-04
Strain	BTBR T<+> tf/J	MPATH:776	6.0	0.59	4.60e-08	2.15e-04
Both	C57BLKS/J_F	PAM_0000064x201	6.0	0.21	4.60e-08	2.15e-04
Both	C57BL/6J_F	MA:0000116	44.0	20.52	4.63e-08	2.16e-04
Both	MRL/MpJ_F	MA:0000236	10.0	1.18	4.69e-08	2.19e-04
Strain	NON/ShiLtJ	PAM_0000145x214	8.0	0.62	4.72e-08	2.21e-04
Strain	NON/ShiLtJ	PAM_0000411x43	8.0	0.62	4.72e-08	2.21e-04
Both	CBA/J_M	MPATH:743	14.0	3.60	4.85e-08	2.26e-04
Both	CBA/J_M	PAM_0000358x743	14.0	3.60	4.85e-08	2.26e-04
Both	NON/ShiLtJ_F	MPATH:696	34.0	16.81	5.01e-08	2.34e-04
Both	NON/ShiLtJ_F	PAM_0000116x696	34.0	16.81	5.01e-08	2.34e-04
Strain	NOD.B10Sn-H2<b>/J	MPATH:214	86.0	52.96	5.03e-08	2.35e-04
Strain	NZO/H1LtJ	PAM_0000165x591	20.0	4.70	5.18e-08	2.42e-04
Both	FVB/NJ_F	MA:0000276	16.0	5.17	5.21e-08	2.44e-04
Strain	C57BL/10J	MPATH:635	26.0	5.38	5.23e-08	2.45e-04
Strain	C57BL/10J	PAM_0000368x635	26.0	5.38	5.23e-08	2.45e-04
Both	CBA/J_M	MA:0000358	38.0	12.03	5.31e-08	2.48e-04
Strain	C57L/J	MPATH:640	14.0	2.32	5.32e-08	2.49e-04
Strain	NOD.B10Sn-H2<b>/J	MA:0001657	16.0	1.32	5.38e-08	2.51e-04
Strain	MRL/MpJ	PAM_0000346x214	44.0	35.93	5.63e-08	2.63e-04
Strain	129S1/SvImJ	MA:0002417	44.0	22.63	5.64e-08	2.63e-04
Both	129S1/SvImJ_M	MA:0002417	26.0	12.16	5.64e-08	2.63e-04
Sex	M	MPATH:15	266.0	213.54	5.64e-08	2.64e-04
Sex	M	PAM_0000110x15	266.0	213.54	5.64e-08	2.64e-04
Both	NZO/H1LtJ_M	PAM_0002417x591	18.0	3.44	5.70e-08	2.66e-04
Both	KK/HlJ_M	PAM_0000284x213	6.0	0.63	5.71e-08	2.67e-04
Both	A/J_F	MA:0000072	20.0	2.54	5.76e-08	2.69e-04
Sex	M	MPATH:124	112.0	95.28	6.02e-08	2.81e-04
Strain	AKR/J	PAM_0001247x613	16.0	5.31	6.04e-08	2.82e-04
Strain	C57BL/6J	PAM_0000368x555	8.0	0.92	6.09e-08	2.85e-04
Strain	LP/J	PAM_0000253x642	26.0	7.46	6.10e-08	2.85e-04
Both	C57BL/10J_F	MA:0000285	12.0	1.82	6.23e-08	2.91e-04
Both	C57BL/10J_F	PAM_0000285x34	12.0	1.78	6.23e-08	2.91e-04
Strain	SM/J	MA:0002900	14.0	2.97	6.43e-08	3.00e-04
Strain	SM/J	MA:0000046	6.0	1.46	6.43e-08	3.00e-04
Both	BALB/cByJ_M	PAM_0000347x491	8.0	0.35	6.43e-08	3.00e-04
Both	SM/J_M	MA:0002900	8.0	1.59	6.43e-08	3.00e-04
Both	SM/J_M	MA:0000046	6.0	0.89	6.43e-08	3.00e-04
Both	129S1/SvImJ_F	PAM_0001551x134	6.0	0.27	6.47e-08	3.02e-04
Both	RIIIS/J_M	PAM_0001247x613	18.0	9.77	6.61e-08	3.09e-04
Strain	C57BL/10J	PAM_0000093x181	10.0	1.04	6.63e-08	3.10e-04
Strain	NOD.B10Sn-H2<b>/J	MA:0000346	56.0	22.59	6.66e-08	3.11e-04
Both	LP/J_F	MPATH:759	12.0	1.78	6.76e-08	3.16e-04
Both	LP/J_F	PAM_0000145x759	12.0	1.78	6.76e-08	3.16e-04
Both	BUB/BnJ_F	MA:0000129	34.0	16.04	7.07e-08	3.30e-04
Both	C57L/J_F	PAM_0000253x555	20.0	3.85	7.09e-08	3.31e-04
Strain	AKR/J	MPATH:613	16.0	5.39	7.12e-08	3.33e-04
Both	C57BL/10J_F	MA:0000116	42.0	17.10	7.40e-08	3.46e-04
Both	129S1/SvImJ_F	MA:0000352	8.0	0.67	7.55e-08	3.53e-04
Both	129S1/SvImJ_F	PAM_0002784x134	8.0	0.63	7.55e-08	3.53e-04
Strain	129S1/SvImJ	MA:0000415	72.0	35.01	7.66e-08	3.58e-04
Strain	SWR/J	MA:0000154	12.0	2.49	7.71e-08	3.60e-04
Strain	C57BLKS/J	MA:0000044	8.0	1.82	7.78e-08	3.63e-04
Both	RIIIS/J_M	MPATH:613	18.0	10.10	7.98e-08	3.73e-04
Both	RIIIS/J_F	MA:0001247	54.0	28.35	8.26e-08	3.86e-04
Both	C57BL/10J_M	MA:0000287	10.0	1.72	8.29e-08	3.87e-04
Both	C57BL/10J_M	PAM_0000287x34	10.0	1.51	8.29e-08	3.87e-04
Both	C57L/J_M	MA:0002898	10.0	1.09	8.84e-08	4.13e-04
Both	C57L/J_M	PAM_0002898x640	10.0	1.09	8.84e-08	4.13e-04
Strain	C57L/J	PAM_0000120x214	18.0	6.39	8.84e-08	4.13e-04
Strain	KK/HlJ	MA:0000384	46.0	30.10	9.15e-08	4.28e-04
Both	NON/ShiLtJ_F	MA:0001657	12.0	1.85	9.19e-08	4.29e-04
Strain	C3H/HeJ	MA:0000350	76.0	54.05	9.25e-08	4.32e-04
Both	KK/HlJ_F	PAM_0002535x644	6.0	0.36	9.39e-08	4.39e-04
Both	C57BLKS/J_M	PAM_0000349x667	32.0	10.25	9.55e-08	4.46e-04
Strain	NON/ShiLtJ	PAM_0001657x34	10.0	1.26	9.67e-08	4.52e-04
Strain	C57L/J	PAM_0000410x181	6.0	0.37	9.70e-08	4.53e-04
Strain	C57L/J	MA:0000158	6.0	0.27	9.70e-08	4.53e-04
Strain	C57L/J	PAM_0000158x44	6.0	0.27	9.70e-08	4.53e-04
Strain	CAST/EiJ	PAM_0000415x644	6.0	0.33	9.82e-08	4.59e-04
Both	CAST/EiJ_F	PAM_0000415x644	6.0	0.33	9.82e-08	4.59e-04
Both	RIIIS/J_F	MPATH:760	18.0	2.61	9.86e-08	4.61e-04
Both	LP/J_M	PAM_0002477x181	14.0	2.50	9.94e-08	4.64e-04
Strain	C3H/HeJ	MPATH:697	20.0	1.51	1.03e-07	4.81e-04
Both	BALB/cByJ_F	MPATH:41	12.0	1.52	1.05e-07	4.90e-04
Both	MRL/MpJ_M	MPATH:647	30.0	19.23	1.05e-07	4.92e-04
Both	MRL/MpJ_M	PAM_0000368x647	30.0	19.23	1.05e-07	4.92e-04
Strain	PWD/PhJ	MPATH:760	20.0	4.15	1.06e-07	4.96e-04
Strain	PWD/PhJ	PAM_0000384x760	20.0	4.15	1.06e-07	4.96e-04
Strain	129S1/SvImJ	MPATH:847	6.0	0.35	1.08e-07	5.03e-04
Strain	129S1/SvImJ	MA:0000813	6.0	0.35	1.08e-07	5.03e-04
Strain	129S1/SvImJ	PAM_0000813x214	6.0	0.35	1.08e-07	5.03e-04
Strain	BALB/cByJ	MPATH:15	36.0	16.65	1.08e-07	5.03e-04
Strain	BALB/cByJ	PAM_0000110x15	36.0	16.65	1.08e-07	5.03e-04
Strain	KK/HlJ	MPATH:644	44.0	15.16	1.11e-07	5.16e-04
Strain	C57BL/10J	MPATH:639	12.0	2.43	1.11e-07	5.17e-04
Both	WSB/EiJ_F	PAM_0000141x41	10.0	1.11	1.12e-07	5.22e-04
Sex	F	PAM_0000377x474	118.0	74.63	1.17e-07	5.45e-04
Both	NON/ShiLtJ_F	MA:0001247	52.0	29.94	1.19e-07	5.54e-04
Both	C57L/J_M	MPATH:640	10.0	1.12	1.19e-07	5.58e-04
Both	KK/HlJ_F	PAM_0000253x213	26.0	5.40	1.20e-07	5.59e-04
Both	NZW/LacJ_F	MPATH:837	11.0	0.57	1.21e-07	5.64e-04
Both	NZW/LacJ_F	PAM_0000358x837	11.0	0.57	1.21e-07	5.64e-04
Both	NZW/LaCJ_F	MPATH:837	11.0	0.57	1.21e-07	5.64e-04
Both	NZW/LaCJ_F	PAM_0000358x837	11.0	0.57	1.21e-07	5.64e-04
Strain	MRL/MpJ	PAM_0000120x591	12.0	1.77	1.21e-07	5.65e-04
Strain	MRL/MpJ	PAM_0000165x213	14.0	1.86	1.21e-07	5.65e-04
Both	C57BR/cdJ_F	MA:0000368	54.0	39.66	1.21e-07	5.67e-04
Strain	SWR/J	PAM_0000276x14	20.0	3.47	1.23e-07	5.74e-04
Both	A/J_M	MPATH:591	38.0	18.21	1.29e-07	6.03e-04
Both	BUB/BnJ_M	MPATH:34	8.0	1.77	1.37e-07	6.38e-04
Both	C57BLKS/J_M	MA:0000349	40.0	12.71	1.37e-07	6.39e-04
Both	PWD/PhJ_M	MA:0000129	40.0	17.84	1.37e-07	6.39e-04
Strain	129S1/SvImJ	PAM_0000253x642	32.0	8.80	1.40e-07	6.52e-04
Both	CBA/J_M	MPATH:42	8.0	0.99	1.45e-07	6.76e-04
Strain	C3H/HeJ	PAM_0000129x762	48.0	22.14	1.45e-07	6.79e-04
Strain	DBA/2J	PAM_0000377x474	8.0	3.76	1.46e-07	6.80e-04
Strain	LP/J	MA:0000347	34.0	7.98	1.47e-07	6.85e-04
Both	LP/J_M	MA:0000347	22.0	4.63	1.47e-07	6.85e-04
Strain	SWR/J	MA:0000402	6.0	1.60	1.47e-07	6.88e-04
Both	C57BR/cdJ_F	PAM_0000139x852	10.0	0.73	1.47e-07	6.88e-04
Both	SWR/J_M	MA:0000402	6.0	0.80	1.47e-07	6.88e-04
Strain	MRL/MpJ	MA:0000116	77.0	43.94	1.47e-07	6.89e-04
Strain	NON/ShiLtJ	MA:0000124	56.0	26.58	1.49e-07	6.96e-04
Strain	129S1/SvImJ	PAM_0002784x644	14.0	1.55	1.57e-07	7.33e-04
Both	129S1/SvImJ_M	PAM_0002784x644	6.0	0.80	1.57e-07	7.33e-04
Strain	C57BR/cdJ	PAM_0001611x134	8.0	1.05	1.72e-07	8.05e-04
Both	CBA/J_M	PAM_0000154x554	6.0	0.52	1.77e-07	8.27e-04
Both	CBA/J_M	PAM_0000377x42	6.0	0.35	1.77e-07	8.27e-04
Strain	BUB/BnJ	PAM_0001702x127	44.0	22.40	1.81e-07	8.46e-04
Strain	C3H/HeJ	MPATH:762	48.0	22.51	1.84e-07	8.58e-04
Both	C57BL/10J_F	PAM_0001876x181	22.0	3.97	1.85e-07	8.63e-04
Strain	C57BL/10J	PAM_0002477x181	16.0	3.43	1.85e-07	8.65e-04
Both	C57L/J_F	MPATH:647	42.0	20.35	1.85e-07	8.66e-04
Both	C57L/J_F	PAM_0000368x647	42.0	20.35	1.85e-07	8.66e-04
Sex	M	MPATH:800	108.0	89.77	1.88e-07	8.78e-04
Sex	M	PAM_0000110x800	108.0	88.93	1.88e-07	8.78e-04
Both	BUB/BnJ_F	MPATH:47	42.0	25.02	1.88e-07	8.78e-04
Both	BUB/BnJ_F	PAM_0000127x47	42.0	25.02	1.88e-07	8.78e-04
Both	NON/ShiLtJ_M	MPATH:47	50.0	31.03	1.88e-07	8.78e-04
Both	NON/ShiLtJ_M	PAM_0000127x47	50.0	31.03	1.88e-07	8.78e-04
Sex	M	MPATH:555	356.0	289.40	1.89e-07	8.83e-04
Strain	P/J	MPATH:280	12.0	1.85	1.90e-07	8.88e-04
Strain	P/J	PAM_0001247x280	12.0	1.85	1.90e-07	8.88e-04
Strain	KK/HlJ	MA:0000736	14.0	1.58	1.90e-07	8.89e-04
Both	MRL/MpJ_F	PAM_0000368x492	64.0	33.33	1.98e-07	9.27e-04
Strain	DBA/2J	PAM_0000072x811	10.0	1.75	2.01e-07	9.41e-04
Both	BALB/cByJ_M	PAM_0000347x662	6.0	0.71	2.02e-07	9.44e-04
Strain	C57BLKS/J	MPATH:752	20.0	2.82	2.04e-07	9.53e-04
Both	NON/ShiLtJ_F	MA:0000116	36.0	19.64	2.05e-07	9.59e-04
Both	SJL/J_M	PAM_0000276x14	6.0	0.44	2.06e-07	9.62e-04
Both	C57BLKS/J_F	PAM_0000129x594	18.0	5.86	2.07e-07	9.69e-04
Strain	C57BL/6J	MPATH:667	72.0	59.85	2.07e-07	9.69e-04
Strain	BALB/cByJ	MA:0002434	18.0	13.11	2.11e-07	9.88e-04
Both	LP/J_F	PAM_0001459x590	24.0	6.10	2.12e-07	9.93e-04
Strain	SM/J	PAM_0000151x150	6.0	1.61	2.14e-07	9.98e-04
Both	DBA/2J_M	PAM_0000347x555	6.0	0.25	2.14e-07	9.98e-04
Both	SM/J_M	PAM_0000151x150	6.0	0.72	2.14e-07	9.98e-04
Strain	KK/HlJ	PAM_0000402x614	6.0	0.41	2.16e-07	1.01e-03
Strain	C57BL/10J	MA:0000093	12.0	1.43	2.18e-07	1.02e-03
Both	NOD.B10Sn-H2<b>/J_F	MPATH:696	36.0	12.39	2.18e-07	1.02e-03
Both	NOD.B10Sn-H2<b>/J_F	PAM_0000116x696	36.0	12.39	2.18e-07	1.02e-03
Both	MRL/MpJ_F	MPATH:492	64.0	33.40	2.20e-07	1.03e-03
Both	BALB/cByJ_F	MA:0002435	6.0	0.26	2.21e-07	1.03e-03
Strain	C57BLKS/J	PAM_0000384x43	28.0	16.53	2.21e-07	1.03e-03
Both	129S1/SvImJ_M	PAM_0000253x555	30.0	5.74	2.22e-07	1.04e-03
Both	NON/ShiLtJ_F	MPATH:644	34.0	11.57	2.25e-07	1.05e-03
Strain	C3H/HeJ	PAM_0000350x667	68.0	41.99	2.34e-07	1.09e-03
Both	129S1/SvImJ_M	PAM_0000163x752	8.0	0.71	2.35e-07	1.10e-03
Both	WSB/EiJ_F	PAM_0000129x134	8.0	0.66	2.35e-07	1.10e-03
Strain	NON/ShiLtJ	MA:0001657	20.0	2.80	2.37e-07	1.11e-03
Strain	C57BLKS/J	PAM_0000129x594	28.0	12.33	2.40e-07	1.12e-03
Both	C57BLKS/J_F	MPATH:594	18.0	5.97	2.42e-07	1.13e-03
Strain	C57L/J	MPATH:635	22.0	4.53	2.43e-07	1.13e-03
Strain	C57L/J	PAM_0000368x635	22.0	4.53	2.43e-07	1.13e-03
Strain	RIIIS/J	MPATH:637	14.0	2.59	2.43e-07	1.13e-03
Strain	RIIIS/J	PAM_0000384x637	14.0	2.59	2.43e-07	1.13e-03
Both	CBA/J_F	MA:0000216	10.0	2.05	2.43e-07	1.13e-03
Both	CBA/J_F	PAM_0000216x14	10.0	1.64	2.43e-07	1.13e-03
Strain	FVB/NJ	MPATH:754	8.0	1.14	2.45e-07	1.14e-03
Strain	FVB/NJ	PAM_0000141x754	8.0	1.14	2.45e-07	1.14e-03
Both	129S1/SvImJ_F	MA:0002784	10.0	1.49	2.48e-07	1.16e-03
Strain	C57BR/cdJ	MA:0001611	16.0	4.11	2.49e-07	1.16e-03
Strain	C3H/HeJ	PAM_0000276x14	22.0	7.90	2.52e-07	1.18e-03
Both	C57BR/cdJ_F	MA:0000253	26.0	9.80	2.54e-07	1.19e-03
Strain	SJL/J	MPATH:513	26.0	5.87	2.58e-07	1.20e-03
Both	NOD.B10Sn-H2<b>/J_M	PAM_0001585x214	14.0	2.41	2.58e-07	1.20e-03
Strain	NON/ShiLtJ	MA:0002587	12.0	1.54	2.69e-07	1.26e-03
Both	129S1/SvImJ_M	MPATH:666	26.0	8.20	2.69e-07	1.26e-03
Both	129S1/SvImJ_M	PAM_0000350x666	26.0	7.92	2.69e-07	1.26e-03
Both	129S1/SvImJ_F	MPATH:642	18.0	4.78	2.71e-07	1.26e-03
Strain	LP/J	MPATH:642	28.0	8.00	2.72e-07	1.27e-03
Both	NON/ShiLtJ_M	MPATH:647	42.0	20.50	2.76e-07	1.29e-03
Both	NON/ShiLtJ_M	PAM_0000368x647	42.0	20.50	2.76e-07	1.29e-03
Both	SJL/J_F	MPATH:513	21.0	4.38	2.81e-07	1.31e-03
Strain	A/J	PAM_0001876x555	14.0	2.93	2.84e-07	1.33e-03
Both	LP/J_F	MPATH:590	24.0	6.21	2.89e-07	1.35e-03
Strain	CBA/J	MPATH:42	10.0	2.01	2.91e-07	1.36e-03
Strain	C57BLKS/J	MPATH:594	28.0	12.56	2.94e-07	1.37e-03
Strain	PL/J	MA:0001420	10.0	0.43	2.95e-07	1.38e-03
Both	C57BR/cdJ_M	MA:0000253	26.0	10.29	2.96e-07	1.38e-03
Both	SWR/J_M	PAM_0000284x45	8.0	0.74	3.15e-07	1.47e-03
Strain	MRL/MpJ	MPATH:785	8.0	0.84	3.15e-07	1.47e-03
Strain	MRL/MpJ	PAM_0000134x785	8.0	0.84	3.15e-07	1.47e-03
Strain	MRL/MpJ	PAM_0000356x109	8.0	0.75	3.15e-07	1.47e-03
Strain	A/J	MPATH:31	14.0	1.69	3.20e-07	1.49e-03
Strain	A/J	PAM_0000415x31	14.0	1.69	3.20e-07	1.49e-03
Strain	NON/ShiLtJ	PAM_0000124x214	52.0	22.96	3.23e-07	1.51e-03
Both	KK/HlJ_F	PAM_0000358x181	10.0	0.87	3.25e-07	1.52e-03
Both	BTBR T<+> tf/J_F	MA:0000335	6.0	0.30	3.25e-07	1.52e-03
Sex	F	MA:0002434	234.0	175.66	3.29e-07	1.54e-03
Both	CBA/J_M	MPATH:667	34.0	24.59	3.34e-07	1.56e-03
Both	C57BR/cdJ_M	PAM_0000253x214	6.0	0.60	3.34e-07	1.56e-03
Strain	MRL/MpJ	PAM_0000377x45	10.0	2.08	3.36e-07	1.57e-03
Both	C57BL/10J_F	PAM_0001876x555	8.0	0.95	3.48e-07	1.63e-03
Strain	C57BL/10J	PAM_0002899x195	6.0	0.31	3.51e-07	1.64e-03
Strain	MRL/MpJ	MA:0000346	44.0	38.02	3.52e-07	1.64e-03
Both	C57BR/cdJ_F	MA:0000116	26.0	17.01	3.54e-07	1.65e-03
Both	C57L/J_F	MA:0000179	8.0	0.67	3.55e-07	1.66e-03
Both	C57L/J_F	PAM_0000179x555	8.0	0.67	3.55e-07	1.66e-03
Both	FVB/NJ_F	PAM_0001247x613	22.0	8.30	3.60e-07	1.68e-03
Both	C57L/J_M	MPATH:635	18.0	2.30	3.62e-07	1.69e-03
Both	C57L/J_M	PAM_0000368x635	18.0	2.30	3.62e-07	1.69e-03
Strain	C57BR/cdJ	MA:0001038	32.0	14.17	3.68e-07	1.72e-03
Strain	C57BR/cdJ	PAM_0001038x554	32.0	14.17	3.68e-07	1.72e-03
Both	RIIIS/J_M	MA:0001247	32.0	21.36	3.72e-07	1.74e-03
Both	NOD.B10Sn-H2<b>/J_M	MA:0001247	26.0	11.47	3.72e-07	1.74e-03
Both	C57BLKS/J_F	MPATH:738	30.0	12.31	3.73e-07	1.74e-03
Strain	C57BL/10J	MA:0000339	14.0	2.91	3.73e-07	1.74e-03
Both	KK/HlJ_M	MA:0000736	10.0	0.57	3.80e-07	1.77e-03
Both	LP/J_M	MA:0002477	14.0	2.93	3.80e-07	1.78e-03
Both	NON/ShiLtJ_F	PAM_0001657x474	6.0	0.73	3.87e-07	1.81e-03
Both	C57BR/cdJ_F	MPATH:852	10.0	1.18	3.87e-07	1.81e-03
Both	WSB/EiJ_F	PAM_0000128x134	6.0	0.30	3.92e-07	1.83e-03
Strain	C57BL/6J	PAM_0000368x62	12.0	1.95	3.95e-07	1.84e-03
Strain	C3H/HeJ	PAM_0000154x697	12.0	1.02	4.01e-07	1.87e-03
Strain	DBA/2J	MPATH:32	6.0	0.29	4.01e-07	1.87e-03
Strain	DBA/2J	PAM_0000273x32	6.0	0.29	4.01e-07	1.87e-03
Both	NZO/H1LtJ_M	MA:0002417	20.0	4.28	4.08e-07	1.90e-03
Both	KK/HlJ_M	PAM_0000253x213	16.0	4.23	4.08e-07	1.91e-03
Strain	PL/J	MA:0000349	24.0	6.53	4.13e-07	1.93e-03
Both	BALB/cByJ_M	MPATH:662	6.0	0.86	4.14e-07	1.94e-03
Both	129S1/SvImJ_M	PAM_0001613x644	12.0	1.35	4.16e-07	1.94e-03
Both	RIIIS/J_F	PAM_0000284x614	6.0	1.05	4.21e-07	1.97e-03
Both	C57BL/6J_F	MA:0000154	10.0	2.00	4.31e-07	2.01e-03
Strain	MRL/MpJ	MA:0000384	74.0	36.88	4.34e-07	2.03e-03
Strain	C57BR/cdJ	PAM_0001247x134	20.0	5.72	4.38e-07	2.05e-03
Both	LP/J_F	PAM_0000145x62	8.0	0.72	4.41e-07	2.06e-03
Both	NON/ShiLtJ_F	PAM_0002587x34	6.0	0.39	4.44e-07	2.07e-03
Strain	SM/J	MPATH:337	8.0	0.77	4.47e-07	2.09e-03
Strain	SM/J	PAM_0000141x337	8.0	0.77	4.47e-07	2.09e-03
Both	C57BL/10J_M	MA:0000196	8.0	0.69	4.51e-07	2.10e-03
Both	C57BL/10J_M	PAM_0000196x639	8.0	0.69	4.51e-07	2.10e-03
Both	C57BR/cdJ_F	MPATH:270	14.0	8.11	4.54e-07	2.12e-03
Strain	SM/J	MA:0001611	18.0	5.10	4.61e-07	2.15e-03
Both	C57BL/10J_M	PAM_0001585x214	14.0	4.78	4.61e-07	2.16e-03
Both	FVB/NJ_F	MPATH:272	18.0	4.02	4.62e-07	2.16e-03
Both	FVB/NJ_F	PAM_0000415x272	18.0	4.02	4.62e-07	2.16e-03
Both	A/J_F	MA:0001876	22.0	9.00	4.68e-07	2.19e-03
Strain	129S1/SvImJ	PAM_0001247x613	54.0	23.54	4.69e-07	2.19e-03
Both	DBA/2J_F	MA:0000072	8.0	1.41	4.73e-07	2.21e-03
Both	A/J_M	MPATH:272	28.0	5.75	4.75e-07	2.22e-03
Both	A/J_M	PAM_0000415x272	28.0	5.75	4.75e-07	2.22e-03
Strain	C57BL/6J	MA:0001876	18.0	13.52	4.78e-07	2.23e-03
Strain	PWD/PhJ	PAM_0000350x667	68.0	45.59	4.80e-07	2.24e-03
Both	NOD.B10Sn-H2<b>/J_M	MA:0001585	14.0	2.50	4.83e-07	2.26e-03
Both	129S1/SvImJ_M	MPATH:555	48.0	15.89	4.84e-07	2.26e-03
Both	BALB/cByJ_M	MA:0000358	28.0	9.73	4.84e-07	2.26e-03
Sex	M	PAM_0000402x213	34.0	15.59	4.84e-07	2.26e-03
Both	C57BL/10J_F	PAM_0000415x214	8.0	0.84	4.87e-07	2.27e-03
Strain	A/J	PAM_0000350x625	6.0	1.01	4.88e-07	2.28e-03
Both	129S1/SvImJ_F	PAM_0002784x644	8.0	0.75	4.96e-07	2.32e-03
Strain	DBA/2J	MA:0000072	12.0	3.37	5.10e-07	2.38e-03
Strain	A/J	MA:0001606	8.0	0.62	5.14e-07	2.40e-03
Both	NZO/H1LtJ_M	PAM_0000061x756	10.0	0.53	5.24e-07	2.45e-03
Both	DBA/2J_M	MA:0000164	16.0	2.17	5.31e-07	2.48e-03
Sex	F	PAM_0000145x62	32.0	18.26	5.40e-07	2.52e-03
Both	C57BL/10J_F	MPATH:181	40.0	17.20	5.49e-07	2.57e-03
Sex	F	MPATH:852	52.0	34.98	5.61e-07	2.62e-03
Both	P/J_M	MA:0000285	8.0	0.90	5.66e-07	2.64e-03
Both	P/J_M	PAM_0000285x34	8.0	0.89	5.66e-07	2.64e-03
Strain	KK/HlJ	MA:0000141	26.0	11.47	5.81e-07	2.71e-03
Both	LP/J_F	MPATH:215	22.0	4.95	5.91e-07	2.76e-03
Both	C57BR/cdJ_F	MPATH:329	10.0	1.82	6.04e-07	2.82e-03
Both	MRL/MpJ_F	MPATH:579	20.0	5.80	6.14e-07	2.87e-03
Strain	SJL/J	PAM_0000129x214	10.0	4.45	6.28e-07	2.93e-03
Both	SJL/J_F	PAM_0000129x214	8.0	3.20	6.28e-07	2.93e-03
Both	NON/ShiLtJ_M	MA:0001657	8.0	0.95	6.58e-07	3.07e-03
Both	SWR/J_M	PAM_0000276x14	10.0	2.71	6.59e-07	3.08e-03
Strain	129S1/SvImJ	MA:0002784	24.0	4.33	6.71e-07	3.13e-03
Both	129S1/SvImJ_M	MA:0002784	14.0	2.84	6.71e-07	3.13e-03
Strain	C57BL/10J	PAM_0000339x34	12.0	2.23	6.71e-07	3.13e-03
Strain	NZO/H1LtJ	MPATH:756	14.0	1.70	6.75e-07	3.16e-03
Strain	NZO/H1LtJ	PAM_0000061x756	14.0	1.34	6.75e-07	3.16e-03
Strain	CBA/J	MA:0000110	52.0	30.97	6.86e-07	3.20e-03
Both	NZO/H1LtJ_M	MA:0000402	6.0	0.47	6.91e-07	3.23e-03
Strain	129S1/SvImJ	MPATH:613	54.0	24.29	6.91e-07	3.23e-03
Both	KK/HlJ_M	MA:0000415	30.0	9.87	7.02e-07	3.28e-03
Both	CBA/J_M	MA:0000276	14.0	5.17	7.18e-07	3.35e-03
Both	BUB/BnJ_M	MA:0000046	8.0	0.38	7.18e-07	3.36e-03
Strain	KK/HlJ	MA:0001888	6.0	0.38	7.24e-07	3.38e-03
Both	C3H/HeJ_F	MA:0000129	36.0	19.64	7.25e-07	3.39e-03
Both	C57BL/6J_F	MPATH:759	10.0	1.88	7.35e-07	3.43e-03
Both	C57BL/6J_F	PAM_0000145x759	10.0	1.88	7.35e-07	3.43e-03
Both	NON/ShiLtJ_F	MPATH:474	72.0	55.96	7.68e-07	3.59e-03
Both	NON/ShiLtJ_F	MA:0000368	70.0	54.22	7.68e-07	3.59e-03
Both	LP/J_F	MPATH:555	30.0	12.21	7.85e-07	3.67e-03
Both	C57BLKS/J_F	PAM_0000116x484	8.0	1.14	7.86e-07	3.67e-03
Sex	M	PAM_0001247x613	216.0	240.64	7.94e-07	3.71e-03
Both	PL/J_F	MA:0000350	20.0	13.05	8.01e-07	3.74e-03
Strain	WSB/EiJ	MPATH:14	50.0	33.09	8.02e-07	3.75e-03
Both	C3H/HeJ_F	MPATH:878	12.0	1.31	8.16e-07	3.81e-03
Strain	SWR/J	MA:0000276	22.0	5.42	8.18e-07	3.82e-03
Strain	C57BL/10J	MA:0002477	16.0	4.06	8.18e-07	3.82e-03
Both	RIIIS/J_M	MA:0000356	26.0	4.31	8.32e-07	3.89e-03
Sex	F	MPATH:624	40.0	23.92	8.40e-07	3.93e-03
Both	NZO/H1LtJ_M	MA:0000285	8.0	0.91	8.49e-07	3.96e-03
Both	NZO/H1LtJ_M	PAM_0000285x34	8.0	0.89	8.49e-07	3.96e-03
Both	DBA/2J_F	MPATH:736	22.0	4.66	8.92e-07	4.17e-03
Strain	C57BR/cdJ	MA:0000273	10.0	1.32	9.11e-07	4.26e-03
Both	NON/ShiLtJ_M	MPATH:127	52.0	37.75	9.33e-07	4.36e-03
Strain	C57BL/10J	PAM_0000350x666	28.0	13.58	9.38e-07	4.38e-03
Both	SWR/J_F	MA:0000145	10.0	1.67	9.64e-07	4.50e-03
Strain	RIIIS/J	MA:0000275	20.0	8.45	9.74e-07	4.55e-03
Strain	RIIIS/J	PAM_0000275x29	20.0	8.27	9.74e-07	4.55e-03
Strain	A/J	PAM_0000402x213	8.0	1.68	1.01e-06	4.72e-03
Both	C3H/HeJ_F	PAM_0000129x762	30.0	11.83	1.05e-06	4.89e-03
Both	C57BL/10J_M	MPATH:14	48.0	25.05	1.06e-06	4.94e-03
Both	NOD.B10Sn-H2<b>/J_F	MA:0002434	18.0	4.49	1.07e-06	5.00e-03
Both	C57BR/cdJ_M	PAM_0002417x591	20.0	9.05	1.12e-06	5.23e-03
Strain	C57L/J	MPATH:270	28.0	14.71	1.13e-06	5.30e-03
Both	C57BLKS/J_F	MPATH:43	28.0	10.73	1.13e-06	5.30e-03
Sex	F	MPATH:725	200.0	187.97	1.15e-06	5.38e-03
Sex	F	PAM_0000368x725	200.0	187.97	1.15e-06	5.38e-03
Both	FVB/NJ_M	PAM_0001247x613	24.0	8.19	1.18e-06	5.52e-03
Both	NOD.B10Sn-H2<b>/J_F	PAM_0001247x613	20.0	7.62	1.18e-06	5.52e-03
Strain	C57BL/6J	MPATH:493	16.0	4.56	1.19e-06	5.54e-03
Strain	C57BL/6J	PAM_0000368x493	16.0	4.56	1.19e-06	5.54e-03
Both	129S1/SvImJ_F	MA:0000415	36.0	15.94	1.19e-06	5.54e-03
Strain	NZO/H1LtJ	MA:0000061	14.0	2.17	1.20e-06	5.60e-03
Both	C57L/J_F	MPATH:150	8.0	1.08	1.20e-06	5.61e-03
Both	C3H/HeJ_F	MPATH:762	30.0	12.05	1.22e-06	5.68e-03
Strain	KK/HlJ	PAM_0001702x474	58.0	40.97	1.22e-06	5.71e-03
Strain	MRL/MpJ	MA:0000350	82.0	60.37	1.23e-06	5.74e-03
Both	129S1/SvImJ_M	PAM_0000061x201	6.0	0.35	1.23e-06	5.74e-03
Strain	KK/HlJ	PAM_0001702x127	56.0	38.90	1.24e-06	5.78e-03
Both	SM/J_F	PAM_0001611x68	6.0	0.38	1.24e-06	5.79e-03
Strain	C57L/J	PAM_0000253x215	10.0	2.07	1.24e-06	5.80e-03
Strain	RIIIS/J	MA:0000356	34.0	9.39	1.24e-06	5.80e-03
Both	AKR/J_F	PAM_0001247x613	10.0	2.26	1.25e-06	5.84e-03
Both	MRL/MpJ_F	PAM_0000120x591	8.0	1.10	1.27e-06	5.95e-03
Both	MRL/MpJ_F	PAM_0000165x213	12.0	1.14	1.27e-06	5.95e-03
Both	C57L/J_M	PAM_0000349x667	18.0	6.41	1.28e-06	5.99e-03
Both	129S1/SvImJ_F	MA:0000163	18.0	5.17	1.30e-06	6.06e-03
Strain	P/J	MPATH:353	10.0	1.69	1.31e-06	6.12e-03
Strain	P/J	PAM_0000358x353	10.0	1.69	1.31e-06	6.12e-03
Both	FVB/NJ_F	MPATH:613	22.0	8.69	1.31e-06	6.13e-03
Strain	C57BL/10J	PAM_0000736x516	5.0	0.21	1.33e-06	6.21e-03
Strain	C57BL/10J	PAM_0000736x513	5.0	0.21	1.33e-06	6.21e-03
Both	C57BL/10J_M	PAM_0001876x555	8.0	1.08	1.35e-06	6.31e-03
Both	BALB/cByJ_F	MPATH:738	30.0	13.75	1.35e-06	6.32e-03
Both	NZO/H1LtJ_F	PAM_0002417x591	18.0	5.08	1.37e-06	6.41e-03
Strain	129S1/SvImJ	PAM_0000411x555	20.0	4.64	1.38e-06	6.44e-03
Both	MRL/MpJ_F	MPATH:214	80.0	55.05	1.38e-06	6.46e-03
Both	AKR/J_F	MPATH:613	10.0	2.29	1.40e-06	6.53e-03
Both	SWR/J_F	MPATH:793	6.0	0.57	1.41e-06	6.61e-03
Both	SWR/J_F	PAM_0000141x793	6.0	0.57	1.41e-06	6.61e-03
Both	C57BL/10J_M	MA:0001585	14.0	5.09	1.46e-06	6.82e-03
Both	FVB/NJ_M	MPATH:613	24.0	8.42	1.47e-06	6.86e-03
Both	NOD.B10Sn-H2<b>/J_F	MPATH:613	20.0	7.77	1.47e-06	6.86e-03
Strain	PWD/PhJ	MPATH:667	68.0	50.41	1.47e-06	6.88e-03
Strain	RIIIS/J	MA:0000855	6.0	0.46	1.48e-06	6.92e-03
Both	NON/ShiLtJ_F	PAM_0001247x474	28.0	13.57	1.49e-06	6.96e-03
Both	C57BL/10J_F	MPATH:516	16.0	2.96	1.50e-06	7.03e-03
Both	C57BL/10J_F	MPATH:513	16.0	3.00	1.50e-06	7.03e-03
Strain	BUB/BnJ	PAM_0001702x474	44.0	23.66	1.50e-06	7.03e-03
Strain	NZW/LacJ	MPATH:837	12.0	1.15	1.52e-06	7.11e-03
Strain	NZW/LacJ	PAM_0000358x837	12.0	1.15	1.52e-06	7.11e-03
Strain	NZW/LaCJ	MPATH:837	12.0	1.19	1.52e-06	7.11e-03
Strain	NZW/LaCJ	PAM_0000358x837	12.0	1.19	1.52e-06	7.11e-03
Both	LP/J_M	MPATH:15	26.0	11.23	1.55e-06	7.24e-03
Both	LP/J_M	PAM_0000110x15	26.0	11.23	1.55e-06	7.24e-03
Strain	C57L/J	MPATH:667	52.0	41.47	1.58e-06	7.37e-03
Strain	P/J	MPATH:737	8.0	1.09	1.58e-06	7.39e-03
Strain	P/J	PAM_0000276x737	8.0	1.09	1.58e-06	7.39e-03
Both	C3H/HeJ_M	MA:0000129	32.0	18.42	1.59e-06	7.42e-03
Both	KK/HlJ_M	MA:0000253	22.0	7.58	1.59e-06	7.44e-03
Both	SWR/J_M	PAM_0000401x474	12.0	1.03	1.64e-06	7.65e-03
Sex	M	MPATH:34	184.0	146.11	1.67e-06	7.78e-03
Sex	F	MPATH:613	314.0	287.82	1.69e-06	7.89e-03
Both	C57L/J_M	MA:0000349	18.0	7.38	1.69e-06	7.89e-03
Strain	NOD.B10Sn-H2<b>/J	PAM_0000389x738	30.0	15.52	1.69e-06	7.90e-03
Strain	P/J	MPATH:554	26.0	12.49	1.71e-06	7.97e-03
Strain	RIIIS/J	MPATH:29	20.0	8.82	1.71e-06	7.99e-03
Both	DBA/2J_M	MA:0002466	6.0	0.49	1.75e-06	8.18e-03
Both	BUB/BnJ_M	MA:0000110	10.0	3.94	1.76e-06	8.21e-03
Both	C57L/J_F	MPATH:555	26.0	10.84	1.77e-06	8.29e-03
Both	PL/J_F	MA:0001420	6.0	0.18	1.80e-06	8.43e-03
Strain	NON/ShiLtJ	PAM_0001657x474	8.0	1.06	1.81e-06	8.47e-03
Both	C3H/HeJ_F	PAM_0000415x878	10.0	0.83	1.81e-06	8.47e-03
Both	WSB/EiJ_F	MPATH:41	10.0	1.48	1.84e-06	8.58e-03
Strain	C57BR/cdJ	PAM_0000356x644	14.0	1.65	1.84e-06	8.61e-03
Both	C57BLKS/J_F	MA:0000116	36.0	19.83	1.86e-06	8.69e-03
Strain	C57BLKS/J	PAM_0000116x484	14.0	2.33	1.88e-06	8.76e-03
Both	C57BL/10J_M	PAM_0000116x43	16.0	2.43	1.88e-06	8.80e-03
Strain	MRL/MpJ	MA:0000236	10.0	1.80	1.88e-06	8.80e-03
Sex	M	MPATH:270	250.0	216.34	1.88e-06	8.80e-03
Both	LP/J_M	MPATH:667	52.0	32.36	1.89e-06	8.81e-03
Strain	NOD.B10Sn-H2<b>/J	MPATH:738	30.0	15.57	1.90e-06	8.86e-03
Both	BUB/BnJ_M	MPATH:683	6.0	0.30	1.90e-06	8.87e-03
Both	129S1/SvImJ_F	PAM_0001551x644	8.0	0.43	1.92e-06	8.96e-03
Strain	129S1/SvImJ	PAM_0000163x554	18.0	4.34	1.99e-06	9.27e-03
Strain	C57L/J	MPATH:591	60.0	29.52	2.05e-06	9.57e-03
Strain	MRL/MpJ	MPATH:213	66.0	40.96	2.05e-06	9.60e-03
Strain	NON/ShiLtJ	PAM_0002900x214	10.0	1.17	2.07e-06	9.67e-03
Strain	BALB/cByJ	PAM_0000141x41	10.0	1.64	2.08e-06	9.72e-03
Both	NOD.B10Sn-H2<b>/J_F	PAM_0001247x474	16.0	6.97	2.11e-06	9.84e-03
Both	C57BL/10J_M	PAM_0001295x475	6.0	0.36	2.12e-06	9.91e-03
Strain	C57BL/6J	MA:0000339	16.0	3.68	2.15e-06	1.00e-02
Both	SM/J_M	PAM_0000110x800	16.0	3.32	2.15e-06	1.00e-02
Both	PL/J_M	PAM_0000349x667	10.0	1.62	2.16e-06	1.01e-02
Both	129S1/SvImJ_F	PAM_0000415x181	8.0	0.99	2.18e-06	1.02e-02
Strain	C57BLKS/J	PAM_0000151x752	10.0	0.88	2.18e-06	1.02e-02
Both	C57BLKS/J_F	MPATH:484	8.0	1.53	2.24e-06	1.05e-02
Both	NON/ShiLtJ_F	MPATH:738	40.0	14.64	2.28e-06	1.06e-02
Strain	FVB/NJ	PAM_0001247x613	46.0	16.49	2.33e-06	1.09e-02
Strain	NON/ShiLtJ	PAM_0001247x613	48.0	21.12	2.33e-06	1.09e-02
Strain	KK/HlJ	PAM_0000164x181	18.0	2.42	2.34e-06	1.09e-02
Strain	KK/HlJ	MA:0001702	58.0	41.63	2.35e-06	1.10e-02
Both	NZO/H1LtJ_F	PAM_0000377x45	6.0	0.47	2.39e-06	1.12e-02
Strain	C57L/J	MPATH:215	28.0	9.74	2.39e-06	1.12e-02
Both	LP/J_M	MPATH:491	12.0	3.38	2.44e-06	1.14e-02
Both	BUB/BnJ_F	PAM_0001247x613	24.0	8.07	2.47e-06	1.15e-02
Strain	PWD/PhJ	PAM_0000129x134	8.0	0.93	2.47e-06	1.15e-02
Strain	BUB/BnJ	MA:0001702	44.0	24.04	2.52e-06	1.18e-02
Both	NOD.B10Sn-H2<b>/J_F	MPATH:493	10.0	1.85	2.53e-06	1.18e-02
Both	NOD.B10Sn-H2<b>/J_F	PAM_0000368x493	10.0	1.85	2.53e-06	1.18e-02
Sex	M	MPATH:613	222.0	248.18	2.60e-06	1.21e-02
Strain	129S1/SvImJ	PAM_0000253x555	36.0	10.97	2.63e-06	1.23e-02
Both	NZO/H1LtJ_F	MPATH:329	10.0	1.72	2.68e-06	1.25e-02
Sex	M	PAM_0002900x181	28.0	22.86	2.70e-06	1.26e-02
Both	PWD/PhJ_F	PAM_0000415x652	8.0	0.73	2.72e-06	1.27e-02
Both	SWR/J_F	MPATH:852	8.0	0.80	2.73e-06	1.27e-02
Strain	129S1/SvImJ	PAM_0000338x270	6.0	0.53	2.73e-06	1.28e-02
Strain	129S1/SvImJ	PAM_0001551x134	6.0	0.50	2.73e-06	1.28e-02
Both	BUB/BnJ_F	MPATH:613	24.0	8.30	2.76e-06	1.29e-02
Strain	C57BL/6J	PAM_0000339x34	14.0	2.91	2.76e-06	1.29e-02
Both	MRL/MpJ_F	PAM_0000377x45	8.0	1.28	2.76e-06	1.29e-02
Both	SWR/J_M	MA:0000401	14.0	1.39	2.80e-06	1.31e-02
Strain	BTBR T<+> tf/J	MA:0000335	8.0	0.50	2.80e-06	1.31e-02
Strain	WSB/EiJ	MPATH:41	12.0	2.38	2.80e-06	1.31e-02
Both	C57BL/6J_M	PAM_0000346x214	36.0	17.30	2.84e-06	1.33e-02
Strain	129S1/SvImJ	MA:0001113	8.0	1.23	2.84e-06	1.33e-02
Both	BALB/cByJ_F	MPATH:696	40.0	19.85	2.85e-06	1.33e-02
Both	BALB/cByJ_F	PAM_0000116x696	40.0	19.85	2.85e-06	1.33e-02
Both	SWR/J_F	MPATH:269	6.0	0.27	2.85e-06	1.33e-02
Both	NZO/H1LtJ_M	MPATH:756	10.0	0.67	2.88e-06	1.34e-02
Strain	NOD.B10Sn-H2<b>/J	MPATH:34	28.0	8.58	2.88e-06	1.35e-02
Both	C57BL/6J_F	MPATH:635	10.0	2.90	2.91e-06	1.36e-02
Both	C57BL/6J_F	PAM_0000368x635	10.0	2.90	2.91e-06	1.36e-02
Both	SM/J_M	MPATH:800	16.0	3.36	2.93e-06	1.37e-02
Strain	SM/J	PAM_0000151x181	6.0	0.87	2.93e-06	1.37e-02
Both	NZO/H1LtJ_M	PAM_0000120x591	8.0	0.29	2.93e-06	1.37e-02
Both	SM/J_M	PAM_0000151x181	6.0	0.42	2.93e-06	1.37e-02
Strain	C57L/J	MPATH:150	10.0	2.13	2.94e-06	1.37e-02
Both	RIIIS/J_F	MPATH:742	8.0	0.91	2.98e-06	1.39e-02
Both	RIIIS/J_F	PAM_0000110x742	8.0	0.91	2.98e-06	1.39e-02
Strain	C57L/J	MPATH:554	38.0	24.24	3.05e-06	1.42e-02
Both	NON/ShiLtJ_F	PAM_0002703x625	6.0	0.33	3.07e-06	1.43e-02
Both	BUB/BnJ_F	PAM_0001247x474	24.0	8.04	3.08e-06	1.44e-02
Sex	M	MA:0000287	56.0	38.68	3.15e-06	1.47e-02
Sex	M	PAM_0000287x34	52.0	34.86	3.15e-06	1.47e-02
Both	C57BR/cdJ_M	MA:0001611	12.0	2.21	3.20e-06	1.50e-02
Strain	CAST/EiJ	MPATH:736	10.0	1.51	3.21e-06	1.50e-02
Strain	CAST/EiJ	PAM_0000384x736	10.0	1.51	3.21e-06	1.50e-02
Both	CAST/EiJ_F	MPATH:736	10.0	1.51	3.21e-06	1.50e-02
Strain	MRL/MpJ	MPATH:579	27.0	8.92	3.24e-06	1.52e-02
Strain	NON/ShiLtJ	MPATH:45	20.0	7.14	3.25e-06	1.52e-02
Both	P/J_F	PAM_0000338x491	6.0	0.62	3.29e-06	1.54e-02
Strain	C57BLKS/J	MPATH:859	8.0	1.31	3.35e-06	1.56e-02
Both	SM/J_M	MA:0000110	40.0	18.23	3.37e-06	1.57e-02
Strain	SM/J	MA:0001247	64.0	43.38	3.40e-06	1.59e-02
Both	C57BL/10J_F	PAM_0000350x667	32.0	19.50	3.42e-06	1.60e-02
Strain	BUB/BnJ	MPATH:800	14.0	3.57	3.46e-06	1.62e-02
Strain	BUB/BnJ	PAM_0000110x800	14.0	3.52	3.46e-06	1.62e-02
Both	SJL/J_F	MPATH:506	8.0	0.53	3.47e-06	1.62e-02
Both	A/J_F	MA:0000029	10.0	1.83	3.49e-06	1.63e-02
Strain	C57BL/10J	PAM_0000415x214	10.0	1.81	3.59e-06	1.68e-02
Both	MRL/MpJ_M	MPATH:14	42.0	17.93	3.60e-06	1.68e-02
Both	C3H/HeJ_F	PAM_0000415x214	6.0	0.51	3.60e-06	1.68e-02
Both	KK/HlJ_F	MPATH:738	30.0	13.11	3.60e-06	1.68e-02
Both	NON/ShiLtJ_F	PAM_0001324x644	20.0	5.59	3.62e-06	1.69e-02
Both	C3H/HeJ_M	MA:0000253	22.0	9.25	3.69e-06	1.73e-02
Both	C57BL/10J_M	MPATH:475	6.0	0.65	3.74e-06	1.75e-02
Both	WSB/EiJ_F	PAM_0000145x624	8.0	0.90	3.79e-06	1.77e-02
Strain	C57L/J	MPATH:492	72.0	41.66	3.92e-06	1.83e-02
Strain	C57L/J	PAM_0000368x492	72.0	41.59	3.92e-06	1.83e-02
Both	C57L/J_F	MPATH:492	40.0	20.77	3.94e-06	1.84e-02
Both	C57L/J_F	PAM_0000368x492	40.0	20.73	3.94e-06	1.84e-02
Both	CBA/J_F	MPATH:329	10.0	2.12	4.02e-06	1.88e-02
Sex	F	MA:0000139	112.0	81.63	4.09e-06	1.91e-02
Strain	C57BL/10J	PAM_0001876x66	8.0	1.40	4.09e-06	1.91e-02
Strain	NZW/LacJ	MPATH:47	46.0	29.20	4.14e-06	1.93e-02
Strain	NZW/LacJ	PAM_0000127x47	46.0	29.20	4.14e-06	1.93e-02
Both	NON/ShiLtJ_F	PAM_0001247x613	34.0	12.53	4.14e-06	1.94e-02
Strain	C57BL/6J	PAM_0000163x554	16.0	4.90	4.15e-06	1.94e-02
Both	MRL/MpJ_M	PAM_0000129x134	6.0	0.48	4.17e-06	1.95e-02
Both	NZO/H1LtJ_F	PAM_0000145x62	6.0	0.43	4.17e-06	1.95e-02
Both	KK/HlJ_F	MPATH:34	22.0	7.62	4.19e-06	1.96e-02
Strain	NON/ShiLtJ	MPATH:554	54.0	33.49	4.26e-06	1.99e-02
Strain	NOD.B10Sn-H2<b>/J	MA:0000368	86.0	61.43	4.27e-06	1.99e-02
Both	PWD/PhJ_M	MA:0000110	24.0	12.10	4.29e-06	2.00e-02
Strain	C57BL/6J	MA:0002412	6.0	0.44	4.32e-06	2.02e-02
Strain	C57BL/6J	PAM_0002412x214	6.0	0.44	4.32e-06	2.02e-02
Both	MRL/MpJ_F	PAM_0000044x213	6.0	0.54	4.32e-06	2.02e-02
Both	MRL/MpJ_F	MA:0002499	6.0	0.44	4.32e-06	2.02e-02
Both	MRL/MpJ_F	PAM_0002499x214	6.0	0.44	4.32e-06	2.02e-02
Strain	C57L/J	MPATH:736	30.0	11.95	4.41e-06	2.06e-02
Strain	C57L/J	PAM_0000384x736	30.0	11.89	4.41e-06	2.06e-02
Both	SM/J_M	PAM_0001324x644	16.0	4.02	4.49e-06	2.10e-02
Both	SJL/J_M	MA:0002434	14.0	2.72	4.51e-06	2.11e-02
Strain	KK/HlJ	PAM_0000358x181	12.0	1.41	4.54e-06	2.12e-02
Strain	KK/HlJ	MPATH:754	8.0	1.52	4.54e-06	2.12e-02
Strain	KK/HlJ	PAM_0000141x754	8.0	1.52	4.54e-06	2.12e-02
Both	MRL/MpJ_F	MA:0000145	18.0	4.58	4.57e-06	2.14e-02
Sex	F	PAM_0001247x613	304.0	279.36	4.58e-06	2.14e-02
Strain	C57BR/cdJ	MA:0000368	100.0	82.78	4.61e-06	2.16e-02
Both	C57BL/10J_M	MPATH:639	8.0	1.33	4.67e-06	2.18e-02
Strain	CBA/J	MPATH:800	22.0	8.88	4.71e-06	2.20e-02
Strain	CBA/J	PAM_0000110x800	22.0	8.82	4.71e-06	2.20e-02
Both	FVB/NJ_F	MA:0000141	16.0	5.16	4.73e-06	2.21e-02
Strain	P/J	MA:0001038	22.0	8.79	4.73e-06	2.21e-02
Strain	P/J	PAM_0001038x554	22.0	8.79	4.73e-06	2.21e-02
Strain	NZO/H1LtJ	PAM_0000384x736	20.0	6.01	4.77e-06	2.23e-02
Strain	LP/J	PAM_0000403x474	70.0	49.76	4.87e-06	2.28e-02
Strain	A/J	MA:0000334	8.0	1.79	4.91e-06	2.29e-02
Both	C57BR/cdJ_M	MA:0000354	8.0	0.68	4.94e-06	2.31e-02
Strain	BUB/BnJ	MA:0000287	8.0	1.63	4.96e-06	2.32e-02
Strain	BUB/BnJ	PAM_0000287x34	8.0	1.52	4.96e-06	2.32e-02
Both	C57BL/10J_F	MA:0000350	48.0	25.42	5.02e-06	2.35e-02
Strain	NZO/H1LtJ	MPATH:635	8.0	2.30	5.03e-06	2.35e-02
Strain	NZO/H1LtJ	PAM_0000368x635	8.0	2.30	5.03e-06	2.35e-02
Both	P/J_M	MPATH:491	6.0	0.59	5.03e-06	2.35e-02
Strain	NOD.B10Sn-H2<b>/J	PAM_0000411x14	36.0	18.62	5.08e-06	2.38e-02
Both	SWR/J_F	MA:0001611	6.0	1.52	5.11e-06	2.39e-02
Strain	C57BR/cdJ	PAM_0000139x852	10.0	1.39	5.12e-06	2.39e-02
Both	PWD/PhJ_F	MPATH:47	46.0	33.59	5.15e-06	2.41e-02
Both	PWD/PhJ_F	PAM_0000127x47	46.0	33.59	5.15e-06	2.41e-02
Both	NZO/H1LtJ_M	PAM_0000350x666	10.0	2.31	5.21e-06	2.44e-02
Both	CBA/J_F	MA:0000141	18.0	7.22	5.23e-06	2.44e-02
Both	A/J_F	PAM_0001876x555	10.0	1.53	5.30e-06	2.48e-02
Both	NON/ShiLtJ_F	MPATH:613	34.0	13.01	5.40e-06	2.52e-02
Strain	C57L/J	MPATH:44	12.0	2.84	5.46e-06	2.55e-02
Both	NOD.B10Sn-H2<b>/J_F	MA:0000116	36.0	14.32	5.47e-06	2.56e-02
Strain	NZO/H1LtJ	MPATH:736	20.0	6.06	5.48e-06	2.56e-02
Both	PWD/PhJ_F	MPATH:652	8.0	0.93	5.50e-06	2.57e-02
Both	KK/HlJ_M	MA:0000402	6.0	0.87	5.52e-06	2.58e-02
Both	MRL/MpJ_M	MA:0000120	15.0	4.53	5.56e-06	2.60e-02
Both	A/J_F	PAM_0000334x213	6.0	0.39	5.66e-06	2.64e-02
Both	A/J_F	PAM_0000334x579	6.0	0.62	5.66e-06	2.64e-02
Strain	LP/J	MPATH:15	44.0	24.19	5.66e-06	2.64e-02
Strain	LP/J	PAM_0000110x15	44.0	24.19	5.66e-06	2.64e-02
Strain	NZO/H1LtJ	MA:0000165	22.0	8.47	5.66e-06	2.65e-02
Both	C57BL/6J_F	MPATH:834	6.0	1.01	5.69e-06	2.66e-02
Strain	LP/J	PAM_0000403x127	52.0	41.28	5.72e-06	2.67e-02
Both	NZO/H1LtJ_M	MPATH:591	18.0	5.51	5.75e-06	2.69e-02
Strain	C57BR/cdJ	MA:0000337	8.0	1.57	5.75e-06	2.69e-02
Sex	M	MPATH:214	944.0	926.05	5.79e-06	2.70e-02
Strain	C57BL/6J	PAM_0001876x181	16.0	9.76	5.80e-06	2.71e-02
Both	SM/J_M	MPATH:608	12.0	3.25	5.81e-06	2.72e-02
Both	129S1/SvImJ_F	PAM_0001113x44	6.0	0.51	5.91e-06	2.76e-02
Both	WSB/EiJ_F	MPATH:624	8.0	0.96	5.91e-06	2.76e-02
Both	WSB/EiJ_F	PAM_0000110x195	8.0	0.94	5.91e-06	2.76e-02
Strain	NOD.B10Sn-H2<b>/J	MA:0000411	36.0	19.18	5.92e-06	2.77e-02
Both	P/J_M	MPATH:353	6.0	0.65	5.99e-06	2.80e-02
Both	P/J_M	PAM_0000358x353	6.0	0.65	5.99e-06	2.80e-02
Strain	NZO/H1LtJ	MA:0002703	6.0	1.79	6.01e-06	2.81e-02
Both	MRL/MpJ_F	MPATH:759	14.0	2.65	6.01e-06	2.81e-02
Both	MRL/MpJ_F	PAM_0000145x759	14.0	2.65	6.01e-06	2.81e-02
Strain	C57L/J	MPATH:738	34.0	20.31	6.12e-06	2.86e-02
Strain	C57L/J	PAM_0000389x738	34.0	20.24	6.12e-06	2.86e-02
Strain	MRL/MpJ	MA:0000368	128.0	102.77	6.16e-06	2.88e-02
Strain	LP/J	MA:0000368	116.0	92.62	6.20e-06	2.89e-02
Strain	BALB/cByJ	MPATH:738	30.0	21.98	6.25e-06	2.92e-02
Strain	BALB/cByJ	PAM_0000389x738	30.0	21.92	6.25e-06	2.92e-02
Strain	C57BR/cdJ	MPATH:852	14.0	2.37	6.26e-06	2.92e-02
Both	NON/ShiLtJ_F	MA:0001324	20.0	5.85	6.29e-06	2.94e-02
Both	NZO/H1LtJ_F	MPATH:45	8.0	1.96	6.31e-06	2.95e-02
Strain	C57L/J	MPATH:15	34.0	17.28	6.34e-06	2.96e-02
Strain	C57L/J	PAM_0000110x15	34.0	17.28	6.34e-06	2.96e-02
Both	C57BL/6J_M	MA:0000346	38.0	18.71	6.48e-06	3.03e-02
Both	SWR/J_M	MA:0000284	8.0	2.52	6.51e-06	3.04e-02
Both	P/J_F	PAM_0001324x644	10.0	2.10	6.57e-06	3.07e-02
Both	NZO/H1LtJ_F	MA:0002417	20.0	6.32	6.58e-06	3.08e-02
Strain	BALB/cByJ	MPATH:491	20.0	5.76	6.63e-06	3.10e-02
Both	DBA/2J_F	MA:0000377	8.0	3.16	6.63e-06	3.10e-02
Strain	SM/J	MPATH:47	82.0	57.39	6.68e-06	3.12e-02
Strain	SM/J	PAM_0000127x47	82.0	57.39	6.68e-06	3.12e-02
Strain	C57BLKS/J	MPATH:484	14.0	3.19	6.72e-06	3.14e-02
Strain	C57L/J	MA:0000002	16.0	4.37	6.72e-06	3.14e-02
Strain	C57L/J	PAM_0000002x554	16.0	4.37	6.72e-06	3.14e-02
Strain	SM/J	MPATH:150	6.0	2.64	6.84e-06	3.19e-02
Both	SM/J_M	MPATH:150	6.0	1.22	6.84e-06	3.19e-02
Both	C57BL/6J_F	PAM_0001876x555	8.0	1.25	6.94e-06	3.24e-02
Both	129S1/SvImJ_M	MA:0000415	36.0	19.07	6.97e-06	3.26e-02
Strain	C57BL/10J	PAM_0001585x214	20.0	8.66	6.98e-06	3.26e-02
Strain	NOD.B10Sn-H2<b>/J	MA:0002535	6.0	0.66	7.16e-06	3.34e-02
Strain	BALB/cByJ	PAM_0000358x4	6.0	1.07	7.17e-06	3.35e-02
Strain	BALB/cByJ	MA:0002435	6.0	0.46	7.17e-06	3.35e-02
Strain	C57BLKS/J	PAM_0000165x213	6.0	1.98	7.18e-06	3.35e-02
Both	NON/ShiLtJ_M	PAM_0001657x34	6.0	0.49	7.21e-06	3.37e-02
Both	SM/J_M	MA:0001324	16.0	4.20	7.51e-06	3.51e-02
Strain	SJL/J	MA:0001296	10.0	1.35	7.56e-06	3.53e-02
Both	SJL/J_F	MA:0001296	10.0	1.11	7.56e-06	3.53e-02
Strain	BUB/BnJ	MPATH:756	12.0	2.15	7.66e-06	3.58e-02
Strain	BUB/BnJ	PAM_0000061x756	12.0	1.67	7.66e-06	3.58e-02
Both	P/J_M	MPATH:635	6.0	0.68	7.70e-06	3.60e-02
Both	P/J_M	PAM_0000368x635	6.0	0.68	7.70e-06	3.60e-02
Strain	MRL/MpJ	MA:0000064	10.0	1.83	7.76e-06	3.63e-02
Strain	LP/J	MA:0000403	70.0	51.39	7.84e-06	3.66e-02
Strain	BTBR T<+> tf/J	PAM_0000384x736	22.0	10.18	7.85e-06	3.67e-02
Both	BALB/cByJ_M	MPATH:491	8.0	1.63	8.06e-06	3.77e-02
Both	MRL/MpJ_F	MPATH:127	80.0	61.31	8.12e-06	3.79e-02
Strain	NON/ShiLtJ	PAM_0002703x625	6.0	0.52	8.18e-06	3.82e-02
Both	C3H/HeJ_F	PAM_0000151x697	8.0	0.27	8.18e-06	3.82e-02
Both	C57BLKS/J_F	MPATH:752	12.0	1.27	8.18e-06	3.82e-02
Both	LP/J_F	MA:0001459	24.0	7.50	8.18e-06	3.82e-02
Both	C57BL/6J_M	MPATH:667	40.0	32.82	8.51e-06	3.98e-02
Strain	BALB/cByJ	PAM_0000110x75	8.0	3.92	8.64e-06	4.04e-02
Strain	NON/ShiLtJ	PAM_0002587x34	6.0	0.61	8.67e-06	4.05e-02
Strain	BALB/cByJ	MA:0000347	22.0	8.11	8.72e-06	4.08e-02
Strain	129S1/SvImJ	MA:0000352	12.0	1.38	8.75e-06	4.09e-02
Strain	129S1/SvImJ	PAM_0002784x134	10.0	1.54	8.75e-06	4.09e-02
Strain	C57BLKS/J	PAM_0000064x201	6.0	0.49	8.98e-06	4.19e-02
Strain	WSB/EiJ	MA:0000128	8.0	1.14	9.06e-06	4.23e-02
Strain	WSB/EiJ	PAM_0000129x134	8.0	1.06	9.06e-06	4.23e-02
Strain	BTBR T<+> tf/J	MPATH:736	22.0	10.24	9.12e-06	4.26e-02
Strain	KK/HlJ	MA:0000358	44.0	25.42	9.12e-06	4.26e-02
Strain	BALB/cByJ	MPATH:811	24.0	8.12	9.16e-06	4.28e-02
Strain	SM/J	PAM_0000110x800	20.0	5.65	9.28e-06	4.34e-02
Both	SM/J_F	MA:0001611	12.0	2.67	9.34e-06	4.36e-02
Both	C57BLKS/J_M	MA:0000044	6.0	1.01	9.46e-06	4.42e-02
Both	NZO/H1LtJ_F	PAM_0000377x474	10.0	1.49	9.47e-06	4.43e-02
Strain	SWR/J	MPATH:272	20.0	5.98	9.49e-06	4.43e-02
Strain	SWR/J	PAM_0000415x272	20.0	5.98	9.49e-06	4.43e-02
Both	SWR/J_M	MA:0000276	10.0	3.86	9.65e-06	4.51e-02
Both	P/J_F	MA:0001324	10.0	2.20	9.66e-06	4.51e-02
Strain	C57BLKS/J	PAM_0000124x214	40.0	26.37	9.67e-06	4.52e-02
Both	C3H/HeJ_M	MPATH:213	34.0	16.49	9.67e-06	4.52e-02
Strain	FVB/NJ	MPATH:613	46.0	17.10	9.76e-06	4.56e-02
Strain	NON/ShiLtJ	MPATH:613	48.0	21.79	9.76e-06	4.56e-02
Strain	MRL/MpJ	PAM_0000008x213	6.0	0.55	9.92e-06	4.64e-02
Both	129S1/SvImJ_M	MA:0001613	24.0	6.40	1.00e-05	4.67e-02
Strain	RIIIS/J	MPATH:614	16.0	8.88	1.01e-05	4.71e-02
Both	129S1/SvImJ_F	PAM_0000163x554	10.0	1.86	1.01e-05	4.72e-02
Strain	129S1/SvImJ	PAM_0000253x215	8.0	1.63	1.02e-05	4.74e-02
Both	129S1/SvImJ_M	PAM_0000253x215	6.0	1.00	1.02e-05	4.74e-02
Strain	WSB/EiJ	PAM_0000141x41	10.0	1.78	1.02e-05	4.77e-02
Both	BALB/cByJ_F	PAM_0000338x491	8.0	1.76	1.03e-05	4.79e-02
Both	C57BR/cdJ_F	MA:0000356	6.0	3.93	1.03e-05	4.80e-02
Both	DBA/2J_F	PAM_0000072x811	6.0	0.74	1.03e-05	4.80e-02
Both	SWR/J_M	PAM_0000368x492	28.0	13.97	1.03e-05	4.82e-02
Both	MRL/MpJ_F	MA:0000044	8.0	1.22	1.04e-05	4.86e-02
Strain	SM/J	PAM_0001324x644	24.0	8.66	1.05e-05	4.91e-02
Strain	SJL/J	MPATH:516	24.0	5.75	1.05e-05	4.92e-02
Strain	SJL/J	PAM_0002434x516	24.0	5.05	1.05e-05	4.92e-02
Strain	SJL/J	PAM_0002434x513	24.0	5.05	1.05e-05	4.92e-02
